id,genre,score,Release Date
1,Drama,1071,Jun 12 1998
2,Adventure,207,Aug 07 1998
3,Action,865,Aug 28 1998
4,Comedy,,Sep 11 1998
5,Comedy,165,Oct 09 1998
6,Horror,,Jan 15 1999
7,Action,15133,Apr 04 1999
8,Biography,353,Apr 09 1999
9,Action,3275,Jul 01 1986
10,Biography,2906,Dec 31 2046
11,Action,4035,Oct 07 1963
12,Adventure,9111,Dec 11 1968
13,Adventure,82786,Dec 25 1962
14,Drama,,Sep 23 1970
15,Crime,1532,Mar 01 1987
16,Drama,,Sep 17 2020
17,Drama,451,Aug 01 2044
18,Comedy,858,Jan 01 1970
19,Horror,1677,Oct 05 1956
20,Comedy,119101,Apr 13 1957
21,Crime,169858,Dec 27 1995
22,Adventure,4099,Nov 09 1972
23,Action,13364,Dec 14 1979
24,Fantasy,365,Jun 29 2007
25,Drama,160342,Apr 02 1968
26,Horror,,Dec 23 1954
27,Comedy,,Dec 24 2016
28,Action,1417,Apr 15 1998
29,Crime,2810,Jul 30 1999
30,Crime,,Apr 03 2008
31,Comedy,16764,Nov 25 1987
32,Horror,3107,May 06 1994
33,Action,873,Sep 28 2005
34,Drama,4263,Mar 09 2033
35,Comedy,34328,Dec 25 1995
36,Comedy,1814,May 22 1981
37,Comedy,39003,Mar 09 1994
38,Comedy,439,Oct 18 2006
39,Drama,2104,Dec 31 1962
40,Biography,12731,Feb 21 1986
41,Family,5620,Jul 04 2008
42,Drama,51018,Aug 09 1989
43,Action,3856,Feb 12 1988
44,Biography,63543,Feb 04 1994
45,Horror,51275,Nov 10 1995
46,Comedy,,Mar 27 1986
47,Action,546,Mar 26 1999
48,Horror,1326,May 17 1950
49,Action,63458,Jul 28 1951
50,Biography,893,Aug 25 1995
51,Comedy,10063,Oct 24 1960
52,Comedy,,Dec 31 1937
53,Biography,124,Jan 15 1993
54,Action,5416,Jan 24 2003
55,Comedy,30952,Aug 11 1973
56,Comedy,2495,Dec 31 1986
57,Action,22780,Nov 17 1995
58,Comedy,65406,Apr 20 1977
59,Action,6266,Sep 08 2000
60,Sci-Fi,3095,Apr 02 1993
61,Adventure,36485,Dec 31 1959
62,Drama,173141,Aug 15 1979
63,Comedy,20528,Jul 18 1990
64,Drama,6251,Dec 25 2007
65,Drama,77,Oct 19 2007
66,Comedy,1769,Jan 01 1971
67,Comedy,200,Jun 01 2007
68,Comedy,21516,Oct 17 1956
69,Comedy,10794,Oct 10 1968
70,Comedy,39909,Dec 31 1974
71,Comedy,236,Mar 01 1987
72,Animation,35644,Aug 04 1995
73,Comedy,,Mar 24 2006
74,Comedy,8332,Jul 01 1994
75,Comedy,10142,Apr 16 1993
76,Adventure,151,Aug 04 2006
77,Comedy,201598,Jul 03 1985
78,Comedy,87341,Nov 22 1989
79,Drama,77541,May 24 1990
80,Adventure,57602,Oct 24 1969
81,Drama,53929,Apr 07 1995
82,Drama,9738,Oct 26 1984
83,Comedy,,Jun 13 1953
84,Animation,1327,Aug 30 1991
85,Comedy,5734,Aug 20 1982
86,Comedy,58510,Dec 30 2025
87,Comedy,58510,Nov 18 1959
88,Comedy,1801,Nov 15 1974
89,Comedy,39705,Jan 27 1995
90,Comedy,354,Nov 13 1991
91,Comedy,17338,Nov 21 2046
92,Action,,Aug 19 1983
93,Action,1119,Sep 30 2005
94,Crime,6094,Dec 31 1972
95,Comedy,,Dec 31 2009
96,Action,2742,Sep 06 1996
97,Horror,45065,Dec 05 1984
98,Comedy,29712,May 20 1987
99,Crime,21199,May 25 1994
100,Action,7810,Dec 21 1979
101,Adventure,1446,Jul 10 2008
102,Action,49256,Jun 03 1988
103,Adventure,2600,Jan 01 2025
104,Comedy,30299,Jul 12 1991
105,Drama,,Sep 12 2003
106,Action,4632,Dec 31 1990
107,Action,11929,Apr 01 1988
108,Drama,359,Dec 31 1975
109,Adventure,817,Feb 20 2004
110,Comedy,185546,Jun 25 1982
111,Horror,19816,Feb 26 1988
112,Horror,62941,Jun 20 1980
113,Action,10239,Jul 24 1981
114,Horror,7295,Jul 01 2005
115,Drama,2017,Dec 31 1928
116,Biography,1115,Dec 31 1939
117,Drama,23564,Oct 04 1996
118,Animation,369,Apr 01 1996
119,Biography,12415,Apr 28 1971
120,Drama,20188,Jul 19 1991
121,Adventure,8901,Feb 08 2015
122,Drama,3125,May 13 1970
123,Comedy,2523,Feb 23 1990
124,Biography,90,Jun 30 2006
125,Comedy,202,Jul 01 1992
126,Horror,58641,Dec 18 1957
127,Comedy,32108,Dec 20 1989
128,Horror,7935,Aug 09 1996
129,Action,137,Sep 22 1989
130,Crime,21980,Feb 21 1996
131,Adventure,32827,Feb 12 1993
132,Horror,21923,Jun 02 1995
133,Biography,4365,Aug 09 1995
134,Comedy,136,Nov 13 1992
135,Crime,33584,Feb 09 1996
136,Drama,4410,Sep 30 1983
137,Horror,240642,May 24 1995
138,Crime,1254,Feb 01 2006
139,Adventure,76635,Dec 18 1985
140,Action,45771,Jan 01 1974
141,Action,343,May 05 2000
142,Comedy,487,Dec 31 1943
143,Horror,30341,Feb 17 1989
144,Drama,16882,Jun 15 1977
145,Horror,61197,Mar 30 1988
146,Horror,78673,Jun 18 1992
147,Drama,76218,Jun 16 1995
148,Drama,,Aug 21 2001
149,Adventure,111464,Jun 23 1989
150,Crime,16056,Jul 31 1992
151,Drama,7129,Jul 25 2008
152,Action,4626,Jan 01 1970
153,Comedy,399,Jul 02 1999
154,Action,8741,Dec 31 1977
155,Comedy,355,May 10 2002
156,Comedy,35436,Jul 25 1980
157,Romance,47196,Nov 15 1991
158,Horror,29612,Aug 03 1994
159,Comedy,38767,Nov 16 1976
160,Crime,172936,Apr 28 1967
161,Drama,378,Jul 16 2004
162,Comedy,6940,Dec 14 1984
163,Music,153,Aug 23 2002
164,Horror,59049,Nov 16 1977
165,Crime,51109,Jun 14 1996
166,Horror,527,Sep 16 2005
167,Action,16165,Nov 09 1988
168,Comedy,8666,Nov 09 1990
169,Comedy,15817,Aug 02 1996
170,Comedy,60,Sep 27 2002
171,Drama,16138,Sep 25 1981
172,Drama,51757,Nov 18 1983
173,Horror,14540,Sep 20 1958
174,Comedy,2806,Aug 31 1984
175,Drama,,Oct 20 2036
176,Animation,3137,May 13 1994
177,Action,26607,Oct 09 1998
178,Adventure,7870,Jun 12 1963
179,Horror,34447,May 28 1993
180,Action,226,Oct 21 2005
181,Drama,19299,Jul 20 1994
182,Drama,1113,Mar 01 2002
183,Comedy,39055,Jul 01 1995
184,Comedy,26962,Dec 18 1985
185,Comedy,89991,Oct 19 1994
186,Comedy,17343,Nov 20 1998
187,Adventure,45773,Jun 12 1981
188,Comedy,3171,May 15 1998
189,Drama,49,Oct 04 1985
190,Comedy,25824,Oct 17 1986
191,Drama,373,Feb 15 1950
192,Comedy,17954,Jun 09 1995
193,Adventure,38886,May 14 1982
194,Drama,20368,Jun 29 1984
195,Comedy,2945,Aug 20 1982
196,Action,2763,Jan 17 1986
197,Comedy,,Jul 21 2006
198,Action,6657,Jan 22 1999
199,Horror,4410,Dec 31 1977
200,Comedy,1725,Nov 17 2009
201,Crime,24533,Oct 01 1993
202,Comedy,6188,Dec 31 1971
203,Western,2724,Jul 06 2001
204,Adventure,27277,Sep 26 1986
205,Drama,1851,Mar 09 2001
206,Comedy,5531,Mar 27 1998
207,Action,12530,Nov 10 1982
208,Horror,5910,May 01 1987
209,Action,21195,Nov 25 1992
210,Family,33354,May 12 1995
211,Action,173,Dec 31 1977
212,Drama,,Dec 31 2009
213,Comedy,1209,Jun 30 2006
214,Comedy,167939,Dec 31 1941
215,Horror,108634,Nov 22 1995
216,Action,26121,May 26 1995
217,Action,2146,Dec 31 1979
218,Adventure,9671,Jun 24 1970
219,Comedy,9908,Feb 16 1996
220,Drama,10346,Dec 22 1995
221,Biography,822,Aug 14 1998
222,Comedy,6791,Nov 16 2042
223,Action,19682,Jul 12 1996
224,Animation,74184,May 28 1969
225,Comedy,33005,Apr 07 1974
226,Drama,487,May 26 2006
227,Action,17182,Oct 27 1995
228,Comedy,3396,Sep 28 1990
229,Adventure,2184,Feb 10 1982
230,Drama,51515,Aug 25 1995
231,Fantasy,88093,Dec 16 1994
232,Drama,25354,Dec 17 1971
233,Horror,5488,Apr 23 1993
234,Action,2804,Oct 13 2005
235,Horror,23472,Feb 07 1997
236,Adventure,20052,Dec 06 1996
237,Drama,25364,Jun 15 1990
238,Horror,2486,Feb 27 2004
239,Comedy,73875,Apr 20 1979
240,Comedy,28907,Nov 22 1991
241,Comedy,27681,Jul 31 1992
242,Comedy,639,Mar 15 1985
243,Comedy,89662,Jun 02 1989
244,Drama,51517,Mar 04 2003
245,Comedy,3075,Jun 30 1972
246,Comedy,19485,Oct 21 1983
247,Comedy,79636,Jul 03 1990
248,Animation,87437,May 19 1995
249,Drama,26309,May 31 1996
250,Comedy,237,Jul 15 1988
251,Comedy,7803,Apr 02 1982
252,Horror,159,Sep 23 2005
253,Crime,20386,Apr 07 1995
254,Action,6430,Jan 13 1995
255,Action,1655,Oct 21 1977
256,Action,32159,Dec 29 1995
257,Action,71399,Nov 09 1990
258,Drama,25761,Dec 21 1988
259,Comedy,2907,Dec 31 1962
260,Horror,2059,Oct 25 1991
261,Biography,10426,Aug 09 1991
262,Biography,29750,Mar 01 1991
263,Thriller,8395,Jul 03 1985
264,Comedy,25395,Jun 27 1990
265,Comedy,1013,May 14 2003
266,Drama,134,Jun 01 1979
267,Horror,10015,Apr 01 1975
268,Crime,,Dec 31 1969
269,Comedy,1844,Jan 16 1998
270,Comedy,88095,Dec 31 1978
271,Comedy,4945,Jun 26 1981
272,Crime,22566,Dec 13 1989
273,Horror,9556,Jan 01 1980
274,Drama,26877,Jun 30 1989
275,Comedy,38489,Dec 14 1984
276,Horror,,Feb 15 2008
277,Comedy,75,Mar 21 2003
278,Action,1188,Jun 20 1997
279,Comedy,27671,Dec 22 1965
280,Drama,45030,Apr 15 1983
281,Crime,44214,Mar 13 1987
282,Comedy,55671,Feb 19 1993
283,Comedy,829,Dec 31 1992
284,Action,102485,Dec 07 1990
285,Comedy,74171,Sep 30 1994
286,Drama,1097,Dec 31 1953
287,Comedy,16481,Dec 06 1996
288,Western,58194,Oct 03 1980
289,Horror,13798,Aug 02 1996
290,Comedy,,May 21 1980
291,Comedy,34497,Jul 10 1981
292,Action,23262,Aug 09 1996
293,Comedy,7686,Dec 31 1970
294,Drama,37287,Jun 21 1996
295,Action,26595,Dec 31 1976
296,Action,,Aug 11 1972
297,Comedy,105028,Jun 11 1982
298,Drama,537,May 14 1993
299,Drama,7849,Jun 17 1977
300,Sci-Fi,8402,Sep 23 1994
301,Action,5917,Dec 22 1978
302,Comedy,1655,Dec 31 1956
303,Comedy,22328,Sep 18 1987
304,Drama,7290,Apr 09 1976
305,Drama,146,Dec 10 2004
306,Action,535,Mar 17 2006
307,Comedy,33674,Oct 09 1971
308,Comedy,80234,Jan 19 1996
309,Biography,26798,May 09 1980
310,Action,13395,Aug 13 1982
311,Comedy,,Apr 13 1984
312,Crime,,Mar 22 1985
313,Drama,,Aug 01 1986
314,Crime,8916,May 13 1988
315,Biography,10113,Jul 28 1989
316,Comedy,8733,Aug 13 1993
317,Comedy,44204,May 10 1967
318,Animation,39929,Jan 18 1967
319,Crime,3184,Jan 01 1964
320,Comedy,13395,Apr 30 1981
321,Comedy,989,Apr 05 1996
322,Drama,194,Nov 03 1995
323,Action,63541,Dec 11 1992
324,Sci-Fi,96914,Aug 06 1993
325,Animation,15115,Aug 05 1953
326,Animation,,Jul 15 2005
327,Crime,4849,May 01 1998
328,Comedy,2737,Apr 13 1978
329,Drama,12485,Apr 15 1983
330,Comedy,4215,Jul 19 1996
331,Comedy,14894,Dec 05 1980
332,Crime,26521,May 27 1994
333,Crime,2592,Jan 18 1991
334,Action,23295,Aug 10 1990
335,Comedy,,Oct 10 2003
336,Adventure,1138,Apr 29 2005
337,Comedy,4084,Nov 01 1996
338,Action,29914,Nov 13 2040
339,Comedy,,Jan 01 2000
340,Drama,15760,Feb 01 1980
341,Adventure,300455,Jul 06 1994
342,Horror,7026,Sep 03 1993
343,Horror,14260,Jan 01 1971
344,Drama,3875,Dec 17 1974
345,Action,56369,Oct 22 1982
346,Adventure,21623,Apr 26 1995
347,Action,1723,Dec 10 2004
348,Comedy,9348,Jun 18 1982
349,Drama,165159,Mar 08 1996
350,Action,20928,Jul 07 1995
351,Comedy,32541,Apr 08 1964
352,Comedy,957,Jun 30 1993
353,Crime,13093,Jun 21 1972
354,Horror,15626,Feb 17 1984
355,Comedy,31362,Aug 13 1982
356,Horror,499,May 06 2005
357,Action,14682,Sep 20 1996
358,Comedy,8474,Mar 22 1996
359,Horror,23527,Jun 26 1981
360,Action,749,Sep 08 2000
361,Drama,,Apr 28 2006
362,Comedy,19735,Oct 11 1996
363,Action,14139,Aug 28 1981
364,Action,1399,Mar 16 2001
365,Crime,104,Dec 29 1967
366,Comedy,836,May 01 1981
367,Crime,245271,Dec 11 1974
368,Biography,82977,Dec 25 1990
369,Drama,229156,Sep 19 1990
370,Drama,411088,Mar 15 1972
371,Comedy,638,Mar 10 2000
372,Drama,62074,Aug 08 1963
373,Animation,134,Jan 21 2005
374,Drama,51125,Jul 13 1990
375,Action,358,Jun 08 1984
376,Comedy,3348,Mar 22 1996
377,Drama,69199,Nov 17 1995
378,Comedy,7230,Oct 04 1996
379,Action,56427,Dec 14 1989
380,Action,199,Aug 04 1999
381,Comedy,32609,Dec 23 1987
382,Fantasy,50881,Dec 08 1982
383,Drama,869,Dec 24 2043
384,Biography,4637,Dec 31 1946
385,Crime,3631,Dec 14 2007
386,Action,2701,Oct 16 1996
387,Comedy,14471,Dec 12 1986
388,Drama,3004,Oct 10 2008
389,Comedy,47095,Dec 22 1964
390,Comedy,134964,Feb 12 1993
391,Sci-Fi,42163,Jun 08 1984
392,Comedy,6026,Apr 30 1999
393,Action,22712,Jun 15 1990
394,Crime,3300,Feb 15 1965
395,Action,,Sep 26 2003
396,Comedy,4264,Jan 10 1952
397,Horror,5141,Feb 02 1979
398,Action,33364,Oct 20 1995
399,Adventure,11215,Oct 08 1993
400,Comedy,,Sep 24 2004
401,Action,78947,Dec 15 2039
402,Action,64,Oct 16 1998
403,Adventure,6995,Aug 23 1991
404,Adventure,45,Aug 07 1981
405,Comedy,2050,Dec 31 1929
406,Animation,620,Dec 18 1981
407,Adventure,486,Mar 18 2005
408,Comedy,10292,Aug 03 1968
409,Drama,22442,Sep 18 1987
410,Drama,323,Oct 02 1992
411,Horror,7763,Jan 27 1995
412,Drama,40802,Mar 07 1986
413,Action,7420,Oct 28 2041
414,Action,34163,Dec 31 1951
415,Comedy,16691,Jun 12 1981
416,Drama,254,Dec 16 1969
417,Action,12197,Oct 30 1981
418,Comedy,12644,Oct 22 1982
419,Drama,11079,Oct 01 1988
420,Adventure,,Oct 13 1989
421,Comedy,8576,Sep 29 1995
422,Action,39866,Oct 17 1978
423,Horror,51408,Nov 20 1992
424,Comedy,79080,Nov 16 1990
425,Action,291,May 16 1980
426,Drama,74,May 26 2000
427,Comedy,4387,Mar 09 1984
428,Drama,14499,Nov 08 1989
429,Crime,687,Apr 30 2010
430,Drama,60159,Dec 11 1991
431,Thriller,1596,Oct 23 1991
432,Biography,15893,Jul 16 1993
433,Comedy,8731,Apr 10 1981
434,Horror,15718,Jan 01 1972
435,Comedy,9492,Oct 14 1994
436,Action,54111,Feb 16 1996
437,Comedy,32344,Mar 11 1994
438,Comedy,15291,Aug 11 1964
439,Comedy,505,Oct 24 2008
440,Drama,55202,Mar 02 1990
441,Comedy,2395,Feb 23 1966
442,Drama,2963,Jul 10 1996
443,Biography,3083,Apr 19 1996
444,Drama,25385,Sep 25 1961
445,Comedy,93,May 29 1963
446,Action,21920,May 24 1991
447,Horror,4649,Nov 19 1980
448,Adventure,580,Jun 19 1998
449,Action,32159,Apr 10 1953
450,Comedy,1153,Oct 10 1966
451,Drama,16051,Aug 01 1986
452,Comedy,7025,Dec 23 1977
453,Comedy,380,May 10 2002
454,Biography,101499,Dec 31 1945
455,Drama,3600,Mar 16 1984
456,Comedy,149493,Jul 02 1996
457,Action,13770,Aug 23 1996
458,Action,854,Sep 08 2006
459,Drama,337,Apr 21 2006
460,Comedy,4836,Jul 14 1995
461,Action,298,Feb 20 1998
462,Drama,1100,Aug 06 1999
463,Drama,10562,Dec 31 1966
464,Crime,7601,Aug 01 1997
465,Drama,542,Apr 22 1994
466,Comedy,1933,Jun 06 1986
467,Action,66,Apr 23 2004
468,Drama,,Sep 05 2016
469,Comedy,82601,Jun 13 1980
470,Action,397,Sep 20 2002
471,Thriller,22429,Aug 02 1967
472,Comedy,17267,Aug 09 1996
473,Drama,5279,Oct 13 1995
474,Drama,22928,Nov 22 1996
475,History,36019,May 08 1963
476,Action,5564,Dec 25 1994
477,Action,30736,Jun 30 1995
478,Action,1481,Feb 03 1995
479,Action,1464,Mar 31 1995
480,Crime,59684,Dec 20 1991
481,Comedy,586,Mar 23 2007
482,Action,486,Aug 27 1982
483,Crime,54973,Dec 15 1995
484,Horror,6482,Feb 02 1996
485,Biography,6777,Jun 11 2010
486,Action,151365,Jun 10 1993
487,Action,1587,Dec 31 1990
488,Adventure,138017,Jun 20 1975
489,Drama,18793,Jun 16 1978
490,Comedy,15632,Jul 17 1987
491,Comedy,4128,Aug 11 2006
492,Action,11692,Sep 08 1989
493,Action,26122,Jul 21 1995
494,Comedy,28404,Jul 26 1996
495,Drama,40433,Dec 21 1990
496,Comedy,,Apr 07 2033
497,Drama,132720,Dec 17 1976
498,Comedy,2374,Apr 21 1995
499,Action,,Dec 12 2008
500,Horror,,Oct 10 2008
501,Action,1463,Dec 31 1976
502,Comedy,,Nov 09 2001
503,Crime,39948,Apr 27 2001
504,Drama,588,Oct 25 1985
505,Comedy,2735,Jun 23 2006
506,Animation,2397,Aug 16 1996
507,Horror,24262,Nov 20 1987
508,Comedy,43171,Jun 18 1993
509,Action,24044,Jun 27 1973
510,Action,5236,Sep 01 2006
511,Adventure,6893,Apr 05 2002
512,Action,139,Sep 25 1998
513,Horror,14017,Nov 18 1988
514,Comedy,17712,Oct 04 1962
515,Action,23735,Jul 31 1987
516,Adventure,69090,Nov 11 1992
517,Action,1847,Nov 23 1994
518,Action,2506,Mar 06 1998
519,Adventure,15260,Apr 12 1985
520,Biography,24872,Mar 08 1991
521,Crime,2659,Dec 31 1979
522,Romance,4471,Jun 18 1986
523,Comedy,20734,Apr 18 1986
524,Comedy,22141,Aug 30 1972
525,Action,5727,Jun 21 1985
526,Drama,2221,Apr 22 1988
527,Adventure,28257,Oct 11 1996
528,Drama,1027,Oct 03 2007
529,Comedy,7114,May 29 2002
530,Action,,Jan 01 1962
531,Comedy,4185,Dec 31 1959
532,Action,19668,Feb 26 1993
533,Adventure,,Sep 20 1996
534,Drama,84,Jul 18 1986
535,Comedy,78860,May 22 1992
536,Crime,136503,Jun 15 1994
537,Adventure,12111,Jun 10 1975
538,Action,1406,Mar 28 1997
539,Adventure,477,Apr 27 1984
540,Adventure,755,May 22 1981
541,Comedy,45410,Sep 25 1992
542,Drama,1301,Dec 31 1955
543,Action,3791,May 16 1980
544,Comedy,1668,Apr 08 1983
545,Drama,2263,May 28 1999
546,Drama,39815,Dec 23 1994
547,Comedy,33426,Jul 01 1992
548,Comedy,17637,Feb 05 1993
549,Action,11864,Dec 31 1944
550,Comedy,1505,Feb 19 2010
551,Horror,14947,Dec 31 1975
552,Action,1054,Sep 13 2002
553,Comedy,1986,Sep 21 1992
554,Drama,21521,Dec 19 1986
555,Comedy,14599,Jun 21 1996
556,Comedy,7157,Jan 30 2004
557,Crime,54994,Mar 06 1987
558,Comedy,39735,May 15 1992
559,Comedy,1181,Jun 20 1997
560,Comedy,8453,Dec 04 1998
561,Drama,20934,Aug 12 1988
562,Drama,24558,Jul 14 1989
563,Comedy,466,Jul 18 2007
564,Comedy,42131,Oct 27 1995
565,Drama,12607,Mar 06 1992
566,Action,2917,Apr 15 1983
567,Comedy,16514,Dec 21 1994
568,Action,79421,Dec 16 1962
569,Adventure,14807,May 26 1993
570,Action,22470,May 07 1993
571,Drama,2588,Apr 07 1965
572,Adventure,499,Dec 31 1969
573,Comedy,376,Dec 31 1930
574,Drama,23062,Nov 18 1992
575,Drama,3281,Dec 31 1979
576,Horror,34302,Aug 26 1964
577,Crime,6864,Feb 23 1996
578,Comedy,7064,Sep 13 1996
579,Comedy,8043,Jan 01 1970
580,Action,72981,Jul 29 1994
581,Comedy,76396,Dec 13 1996
582,Action,4210,Aug 03 1990
583,Drama,5969,Dec 31 1955
584,Drama,5381,Apr 01 1986
585,Action,746,May 05 2000
586,Drama,11805,Oct 11 1996
587,Comedy,30524,Mar 13 1992
588,Comedy,9307,Feb 07 1992
589,Comedy,1748,Mar 20 1998
590,Crime,2144,Dec 25 1981
591,Comedy,96997,Sep 19 1984
592,Comedy,35773,Feb 05 2036
593,Comedy,15479,Oct 02 1992
594,Comedy,12460,Dec 12 1966
595,Comedy,1446,Jun 25 1982
596,Comedy,6055,Nov 15 1996
597,Action,34053,May 25 1969
598,Comedy,24104,Jul 20 1988
599,Comedy,20798,Apr 07 1989
600,Comedy,1304,Dec 31 1969
601,Comedy,248,Sep 10 2004
602,Comedy,,May 21 1982
603,Comedy,14460,Nov 07 1963
604,Horror,36548,Mar 21 1980
605,Drama,24273,Jul 10 1985
606,Comedy,3101,Nov 03 1982
607,Drama,1435,Dec 19 1995
608,Comedy,155049,May 10 1975
609,Drama,2559,Mar 08 2002
610,Drama,7608,Nov 08 1962
611,Drama,4905,Sep 18 1981
612,Comedy,1233,Aug 05 1977
613,Drama,8522,Feb 28 1992
614,Drama,,Dec 31 2003
615,Adventure,17604,Sep 29 1991
616,Comedy,26760,Jun 29 1979
617,Drama,13972,Nov 22 1995
618,Adventure,3355,Aug 03 1990
619,Comedy,,Aug 17 1979
620,Drama,52807,Oct 20 1995
621,Drama,1047,Mar 16 2001
622,Drama,2987,Apr 19 1996
623,Comedy,56917,Nov 24 1993
624,Comedy,33315,Dec 31 1938
625,Comedy,29605,Aug 18 1995
626,Drama,19913,Nov 04 1994
627,Drama,6351,Dec 31 1960
628,Drama,9073,Dec 09 1988
629,Biography,22681,Jan 01 1962
630,Drama,86222,May 21 1996
631,Drama,2969,Dec 31 1978
632,Drama,11935,Jul 17 1996
633,Comedy,1102,Sep 01 2006
634,Biography,10853,Dec 11 1992
635,Comedy,22431,Dec 20 1974
636,Comedy,28039,Oct 22 1964
637,Drama,8413,Oct 21 1988
638,Comedy,1511,Mar 23 2007
639,Drama,91,Oct 08 1999
640,Comedy,326,Sep 17 1982
641,Animation,110761,May 23 1984
642,Comedy,171572,May 24 1989
643,Comedy,494,Dec 09 2005
644,Comedy,13310,Aug 19 1988
645,Adventure,,Aug 21 1998
646,Adventure,5649,Apr 10 1981
647,Action,54484,Nov 15 1996
648,Comedy,4698,Jan 21 1953
649,Comedy,26384,Jun 28 1991
650,Comedy,24904,Mar 18 1994
651,Action,,Jul 28 1978
652,Biography,10083,Oct 01 1968
653,Adventure,1145,Mar 27 1998
654,Comedy,3313,Dec 31 1958
655,Drama,12554,Nov 09 1984
656,Drama,16222,Nov 01 1985
657,Drama,17354,Feb 27 1987
658,Comedy,10849,Aug 11 1989
659,Comedy,12779,Sep 13 1991
660,Action,,Oct 14 1994
661,Crime,10083,Oct 19 1990
662,Drama,9811,Dec 31 1945
663,Action,21247,Oct 07 1983
664,Drama,561,Dec 31 1992
665,Comedy,6746,Jan 15 1993
666,Action,78953,Nov 11 1994
667,Adventure,32234,Jun 28 1996
668,Drama,25704,Jul 20 1984
669,Action,1107,Nov 15 2002
670,Fantasy,13761,Dec 20 1995
671,Adventure,1692,Jun 22 1977
672,Adventure,6906,Mar 01 1989
673,Action,2229,Jan 01 2009
674,Comedy,23167,Jun 10 1983
675,Action,9579,Feb 18 1994
676,Comedy,214457,Nov 19 1975
677,Drama,424,Sep 04 1987
678,Horror,23159,Dec 18 1969
679,Comedy,24523,Jun 25 1976
680,Action,3814,Oct 15 1999
681,Adventure,19638,Dec 18 1985
682,Biography,230,Mar 11 1989
683,Horror,138,Sep 19 1980
684,Comedy,1670,Dec 14 2001
685,Adventure,113,May 28 2004
686,Adventure,4289,Dec 14 1995
687,Comedy,445,Jul 15 2005
688,Comedy,41162,Jul 28 1954
689,Animation,33192,Mar 10 1995
690,Horror,23607,Mar 25 1983
691,Action,8066,Aug 06 2010
692,Comedy,23192,Mar 23 1984
693,Comedy,13121,Aug 26 1994
694,Action,1059,Dec 04 2009
695,Action,15352,Jun 28 1985
696,Comedy,29544,Jun 05 1992
697,Comedy,4166,May 03 1996
698,Drama,26690,Jun 10 1995
699,Drama,2365,Dec 31 1960
700,Action,6967,Apr 29 1994
701,Action,4620,Nov 03 1977
702,Adventure,6374,May 23 1973
703,Action,32817,Jun 04 1982
704,Comedy,5387,Jun 10 1988
705,Comedy,3781,Jul 08 1988
706,Action,26823,Jul 05 1996
707,Action,53283,Dec 22 1993
708,Comedy,9477,Jun 07 1996
709,Drama,53699,Jul 10 1998
710,Comedy,7947,Apr 11 1997
711,Horror,1635,Dec 31 1947
712,Drama,,Feb 08 1968
713,Comedy,24451,Apr 10 1992
714,Adventure,87605,Jun 30 1995
715,Drama,108641,Dec 19 1986
716,Comedy,473,Dec 01 2000
717,Action,1734,Jul 26 1996
718,Comedy,386,Aug 09 2002
719,Drama,384,Dec 24 1999
720,Comedy,233,May 10 1980
721,Horror,442,Nov 13 1981
722,Comedy,3689,Jul 23 1993
723,Action,15861,Mar 19 1982
724,Family,75,Jan 28 2005
725,Biography,11433,Dec 12 1980
726,Drama,35411,Nov 21 1990
727,Comedy,88522,Jun 12 1987
728,Comedy,123571,Sep 25 1987
729,Comedy,1154,Mar 04 1988
730,Drama,199762,Nov 18 1994
731,Adventure,1381,Jun 15 1979
732,Comedy,6829,Dec 25 1991
733,Comedy,161,Sep 23 2005
734,Action,60742,Mar 23 1990
735,Action,1275,Feb 02 2007
736,Action,6886,Mar 20 1981
737,Action,12457,Oct 10 1986
738,Action,16894,Feb 05 1953
739,Action,19257,Apr 21 1989
740,Biography,39570,Jan 01 1970
741,Comedy,1701,Jun 02 2006
742,Drama,417703,Oct 14 1994
743,Comedy,5037,Oct 15 1969
744,Comedy,406,May 25 1979
745,Comedy,1177,May 12 1995
746,Drama,1899,Nov 19 1982
747,Action,27352,Feb 10 1995
748,Comedy,6001,Oct 19 1990
749,Comedy,6198,Feb 12 1982
750,Crime,898,Feb 23 1951
751,Comedy,12116,Jan 27 2006
752,Action,4800,Mar 11 1976
753,Adventure,38524,Nov 08 1996
754,Comedy,50860,Jun 12 1968
755,Thriller,35429,Dec 31 1939
756,Comedy,54480,Jun 14 1991
757,Horror,,Feb 23 1996
758,Drama,15630,Apr 07 1995
759,Adventure,90015,Nov 14 1980
760,Action,6625,Dec 29 1995
761,Comedy,5135,Aug 07 1992
762,Action,52898,Jul 17 1987
763,Biography,13310,Nov 05 1993
764,Comedy,12687,Dec 21 1994
765,Action,10839,Jan 30 1987
766,Adventure,6210,Feb 21 1992
767,Crime,212985,Oct 23 1992
768,Drama,242661,Jun 12 1981
769,Comedy,10629,Dec 31 1947
770,Animation,8455,Dec 04 1981
771,Action,14545,Jun 11 1999
772,Fantasy,11896,Jun 28 1985
773,Comedy,,May 25 1983
774,Action,236,Feb 06 2004
775,Drama,,Aug 14 2008
776,Adventure,14883,Dec 20 1989
777,Drama,24275,Oct 21 1983
778,Action,41265,Sep 26 1975
779,Action,14085,May 19 1989
780,Crime,6537,Feb 04 1994
781,Comedy,232,Jul 07 2007
782,Drama,84,Nov 21 1976
783,Comedy,4661,Jan 15 1988
784,Animation,449,Jan 31 2003
785,Drama,7650,Jun 03 1994
786,Comedy,38548,May 22 1985
787,Drama,31551,May 25 1988
788,Drama,78,Nov 01 1996
789,Adventure,,Dec 31 2007
790,Animation,106163,Dec 16 1988
791,Comedy,2081,Sep 11 1994
792,Action,228,Dec 31 1980
793,Animation,2913,Sep 16 1953
794,Drama,108324,Jun 07 1996
795,Action,21736,Nov 05 1993
796,Drama,57000,Jul 04 1980
797,Biography,12438,Mar 02 1984
798,Adventure,1436,Dec 11 2009
799,Family,1757,Aug 01 1980
800,Comedy,4024,Dec 29 1995
801,Comedy,13621,Aug 16 1985
802,Drama,849,Sep 26 2008
803,Drama,35,Jul 13 2005
804,Crime,7491,Jun 21 1985
805,Comedy,36308,Nov 13 1987
806,Drama,91,Jun 18 1999
807,Biography,252,Nov 15 2002
808,Thriller,14285,Sep 30 1994
809,Comedy,278918,Sep 22 1995
810,Drama,1743,Aug 07 1998
811,Comedy,14364,Sep 28 1996
812,Animation,9693,Mar 29 1996
813,Action,15749,Dec 15 1995
814,Comedy,5904,Nov 06 1985
815,Action,2667,Feb 12 1988
816,Drama,152262,Dec 09 1983
817,Drama,276283,Dec 15 1993
818,Action,33781,Sep 18 1951
819,Comedy,2427,Jan 31 1997
820,Action,105,Oct 22 2004
821,Biography,50856,Oct 07 1960
822,Action,436,Aug 22 1997
823,Biography,1795,Feb 09 2033
824,Comedy,,Nov 07 2006
825,Comedy,,Dec 31 1969
826,Drama,436,Mar 09 1962
827,Comedy,,Jan 08 1999
828,Comedy,,Mar 11 2008
829,Comedy,2594,Aug 08 1986
830,Action,47174,Oct 28 1994
831,Comedy,9530,Jul 01 1994
832,Comedy,1788,Sep 24 1951
833,Drama,7689,Dec 29 1993
834,Comedy,2591,Aug 29 1986
835,Animation,1090,Dec 31 1967
836,Adventure,1598,Aug 17 1984
837,Drama,22439,Nov 22 1996
838,Comedy,177762,May 23 1980
839,Thriller,1125,Mar 01 1991
840,Drama,6094,May 15 1987
841,Comedy,27004,Sep 22 1995
842,Drama,519541,Sep 23 1994
843,Drama,6387,Oct 11 1985
844,Action,,Sep 09 2005
845,Action,4570,Nov 06 1996
846,Adventure,244856,Feb 14 1991
847,Comedy,,Feb 29 2008
848,Action,1364,Jun 26 1996
849,Adventure,7888,Oct 25 1996
850,Action,41785,Nov 20 1996
851,Action,5907,Aug 01 1991
852,Comedy,67157,Mar 29 1959
853,Drama,6155,Oct 13 1995
854,Drama,1724,Apr 23 2004
855,Crime,15466,Dec 17 1973
856,Action,51874,Oct 18 1996
857,Drama,1136,Jan 10 2003
858,Comedy,915,Jan 01 1959
859,Adventure,585,Oct 03 2003
860,Action,266890,Aug 16 1995
861,Crime,14243,Jul 10 1985
862,Drama,7797,Apr 23 1986
863,Action,,Aug 04 1989
864,Action,288,Nov 04 2005
865,Comedy,4873,Apr 07 2006
866,Action,17281,May 28 1993
867,Crime,8787,Oct 03 1980
868,Action,5058,Jun 26 1998
869,Drama,10999,Apr 13 1994
870,Drama,5251,Mar 17 2006
871,Drama,6248,Jun 25 1976
872,Adventure,17773,Nov 11 1994
873,Action,736,Feb 01 2002
874,Comedy,31279,Dec 11 1995
875,Adventure,55352,Apr 10 1952
876,Drama,82,Jan 07 2005
877,Drama,45,Apr 01 1965
878,Comedy,8159,Aug 23 1996
879,Action,263,Dec 31 1990
880,Comedy,52434,Jun 24 1987
881,Horror,4175,Jun 10 1994
882,Comedy,21917,Jul 07 1995
883,Comedy,478,Feb 11 1981
884,Drama,1464,Apr 27 1990
885,Comedy,14665,Dec 31 1944
886,Comedy,21732,Mar 09 1984
887,Comedy,15164,Jul 24 1987
888,Action,29512,Jun 19 1981
889,Comedy,18070,Jun 17 1983
890,Horror,320,Mar 19 1999
891,Biography,129,Dec 15 1978
892,Biography,18749,Oct 07 1994
893,Crime,563,Jun 24 1977
894,Comedy,203,Apr 12 2006
895,Comedy,7280,Feb 28 1997
896,Drama,23370,Oct 06 1995
897,Action,25454,Dec 07 1979
898,Drama,22261,Jun 01 1984
899,Animation,26207,Nov 26 1986
900,Adventure,90143,Aug 08 1986
901,Action,52,May 17 1991
902,Comedy,86,Jul 25 1969
903,Animation,25407,Dec 23 1994
904,Comedy,36131,Jun 04 1982
905,Animation,,Apr 25 2003
906,Comedy,65866,Dec 25 1973
907,Comedy,741,Jul 26 1996
908,Crime,20600,Jun 09 1989
909,Drama,23546,Dec 06 1991
910,Comedy,26465,Nov 18 1994
911,Comedy,19618,Jun 26 1981
912,Drama,18012,Jun 28 1996
913,Adventure,,May 25 1977
914,Comedy,7581,Aug 06 2004
915,Action,108,Dec 31 2007
916,Action,34284,Jul 03 1951
917,Comedy,1627,Feb 25 1994
918,Comedy,543,Aug 27 1999
919,Horror,96698,Nov 19 1956
920,Crime,1691,Dec 31 1968
921,Horror,4160,Dec 31 1948
922,Action,24938,Jul 13 1977
923,Adventure,1417,Dec 25 1998
924,Biography,431,Oct 18 1996
925,Drama,38141,Dec 21 2037
926,Horror,16280,Oct 10 1997
927,Drama,5825,Dec 31 1948
928,Comedy,151,Feb 22 2002
929,Horror,12682,May 24 1996
930,Comedy,1795,Dec 18 2009
931,Action,1490,Feb 12 1999
932,Crime,16000,Sep 17 1993
933,Biography,5659,Dec 01 1988
934,Comedy,39172,Oct 18 1974
935,Drama,7702,Aug 22 1986
936,Drama,16570,Sep 16 1994
937,Action,17274,Aug 16 1996
938,Action,8670,Jul 16 1966
939,Action,18459,Sep 27 1995
940,Adventure,2479,Dec 31 1979
941,Comedy,5207,Nov 20 1987
942,Action,20640,Aug 16 1996
943,Sci-Fi,2213,Dec 07 2007
944,Comedy,,Sep 03 2004
945,Comedy,1795,Jun 16 1995
946,Comedy,507,Sep 02 1994
947,Drama,10772,Mar 01 1995
948,Comedy,80013,May 16 1986
949,Comedy,27245,Dec 29 1965
950,Animation,1113,Dec 31 2009
951,Action,21130,May 03 1996
952,Drama,25074,Dec 31 1933
953,Comedy,24363,Jul 28 1995
954,Crime,584,Apr 19 2000
955,Action,74,Jul 11 2003
956,Comedy,20995,Nov 04 1988
957,Comedy,1860,May 24 1995
958,Comedy,22719,Nov 06 1981
959,Crime,43688,Dec 25 1993
960,Crime,1029,Oct 25 2002
961,Action,12742,Mar 22 1991
962,Drama,9064,Mar 19 1993
963,Drama,25248,Dec 22 1989
964,Comedy,25867,Mar 30 1990
965,Drama,6389,Dec 19 1969
966,Comedy,6515,Dec 09 1981
967,Action,150483,Jul 19 1996
968,Comedy,4692,Mar 07 1965
969,Action,3427,Mar 22 1989
970,Comedy,3004,May 21 1999
971,Horror,80581,Jul 15 1994
972,Comedy,237477,Jul 02 1991
973,Comedy,1069,Jan 07 2005
974,Horror,179606,Oct 26 1984
975,Biography,29840,Jan 19 1990
976,Action,73829,Sep 10 1993
977,Drama,923,Jul 09 1982
978,Crime,1570,Dec 31 1955
979,Comedy,50,Jan 14 2000
980,Comedy,360,Feb 11 2000
981,Comedy,12789,Dec 01 1995
982,Comedy,38577,Jul 24 1996
983,Drama,70355,Jun 01 1990
984,Drama,316,Jul 18 2003
985,Comedy,31669,Dec 17 1982
986,Action,25916,Oct 04 1996
987,Action,11580,Oct 03 1955
988,Comedy,,Dec 09 1988
989,Comedy,61665,May 10 1996
990,Action,,Dec 17 1974
991,Crime,155774,Feb 08 1976
992,Adventure,456,Jun 13 2003
993,Drama,151143,Nov 22 1995
994,Action,12054,Jun 24 1983
995,Action,2284,Feb 23 1996
996,Comedy,12676,Jul 21 1989
997,Adventure,4041,Jun 13 1997
998,Drama,15218,Jul 14 1995
999,Drama,86097,Jun 03 1987
1000,Comedy,1263,Jul 31 1981
1001,Comedy,4155,Nov 12 2004
1002,Biography,20080,Feb 04 1983
1003,Comedy,7393,Jul 12 1996
1004,Comedy,,Mar 27 1998
1005,Comedy,682,Dec 31 1944
1006,Comedy,8200,Oct 27 1995
1007,Drama,10864,Dec 08 1982
1008,Drama,11079,Aug 04 1995
1009,Drama,418,Nov 02 2001
1010,Comedy,23770,May 24 1985
1011,Adventure,365,Oct 21 2005
1012,Animation,4125,Mar 26 1999
1013,Comedy,531,Nov 24 2004
1014,Drama,82,Oct 03 2003
1015,Action,,Feb 06 2004
1016,Action,14880,Jan 31 1997
1017,Action,53541,Jun 22 1988
1018,Comedy,,Jan 18 1991
1019,Action,8385,Feb 02 1996
1020,Comedy,51219,Dec 25 1993
1021,Crime,1666,Dec 31 1986
1022,Action,4896,Oct 24 1978
1023,Thriller,1756,Jul 17 1996
1024,Animation,31196,Jun 18 1969
1025,Action,35454,Dec 11 1987
1026,Action,,Jan 01 1970
1027,Drama,7531,Dec 23 1956
1028,Comedy,,Jun 23 2000
1029,Drama,3035,Aug 12 2027
1030,Family,7839,Dec 15 1989
1031,Drama,20035,Jun 17 1994
1032,Drama,1202,May 02 1997
1033,Biography,88,Jun 03 1983
1034,Action,4921,Jan 10 1991
1035,Action,2923,Dec 31 1955
1036,Drama,1888,Sep 24 1993
1037,Action,11647,Sep 27 2002
1038,Drama,29488,Oct 18 1961
1039,Drama,,Sep 20 1996
1040,Comedy,13469,May 10 1996
1041,Drama,30460,Feb 08 1985
1042,Action,54126,Jul 28 1995
1043,Drama,46824,Jun 30 1971
1044,Adventure,42570,Feb 14 1992
1045,Comedy,15614,Jun 24 1994
1046,Drama,102795,Aug 25 2039
1047,Action,18569,Mar 15 1996
1048,Action,3546,Jan 01 1960
1049,Drama,103131,Dec 26 1973
1050,Adventure,8038,Sep 27 1996
1051,Crime,8597,Dec 31 1937
1052,Adventure,4837,Jan 12 1996
1053,Comedy,21404,Aug 12 1988
1054,Action,57106,Dec 15 1974
1055,Action,4952,Nov 18 1983
1056,Comedy,24701,Jun 13 1967
1057,Action,181,Jul 19 2002
1058,Drama,7293,Dec 04 1985
1059,Horror,7147,Nov 22 2000
1060,Action,61910,Mar 31 1999
1061,Action,134,Mar 07 2008
1062,Comedy,3655,Aug 18 2006
1063,Drama,18261,Aug 12 2005
1064,Action,136068,Jan 18 2008
1065,Crime,8914,Mar 27 2009
1066,Horror,6188,May 24 2002
1067,Comedy,32634,Apr 23 2004
1068,Adventure,23243,Oct 26 2001
1069,Crime,72913,Jun 22 2007
1070,Biography,25566,Mar 09 2001
1071,Fantasy,,Sep 03 2010
1072,Comedy,41207,Mar 03 2006
1073,Comedy,627,Sep 24 1999
1074,Comedy,6839,Sep 24 2004
1075,Action,396,Nov 13 2009
1076,Action,19431,Aug 05 2005
1077,Comedy,1423,Feb 26 1999
1078,Comedy,60918,Mar 21 2008
1079,Comedy,77910,Nov 21 2003
1080,Comedy,58781,Dec 19 2002
1081,Action,17937,Apr 14 2000
1082,Action,103525,Jun 27 2003
1083,Action,69558,May 11 2007
1084,Biography,127,Jun 25 2004
1085,Crime,16520,Feb 26 2010
1086,Comedy,10325,Feb 13 2009
1087,Biography,,Oct 07 2005
1088,Comedy,19040,Sep 19 2003
1089,Action,2370,Sep 07 2001
1090,Horror,35515,Dec 20 2002
1091,Drama,235508,Mar 09 2007
1092,Drama,52518,Oct 19 2007
1093,Comedy,68726,Oct 01 1999
1094,Comedy,20094,Feb 23 2001
1095,Fantasy,905,Mar 01 2000
1096,Comedy,98355,Sep 02 2007
1097,Horror,27912,Mar 01 2002
1098,Comedy,94557,Aug 19 2005
1099,Drama,38311,Aug 12 2005
1100,Comedy,14690,Nov 26 2008
1101,Comedy,13204,Sep 20 2002
1102,Comedy,16107,Nov 06 2009
1103,Comedy,,Jan 25 2008
1104,Comedy,64701,Feb 13 2004
1105,Comedy,3462,Sep 18 1998
1106,Comedy,32606,Nov 17 2000
1107,Biography,62718,Dec 19 2008
1108,Fantasy,31205,Apr 18 2008
1109,Comedy,17717,Feb 17 2006
1110,Comedy,18173,Jul 17 2002
1111,Action,55877,Nov 08 2002
1112,Action,13631,Sep 20 2002
1113,Horror,1488,Sep 09 2009
1114,Crime,,Apr 19 2002
1115,Comedy,20807,Apr 09 2004
1116,Fantasy,42928,Feb 18 2000
1117,Comedy,48875,May 17 2002
1118,Drama,56866,Nov 20 1998
1119,Comedy,5361,Oct 18 2002
1120,Comedy,20154,Feb 14 1997
1121,Crime,,Jan 27 2006
1122,Action,1437,May 08 2009
1123,Comedy,67135,Dec 06 2002
1124,Action,13010,Sep 19 2003
1125,Drama,13258,Dec 19 2002
1126,Adventure,1193,Dec 02 2005
1127,Comedy,19793,Nov 12 2004
1128,Comedy,23149,Nov 10 2006
1129,Comedy,10054,May 28 2010
1130,Comedy,4698,Aug 01 1997
1131,Action,61394,Jul 25 1997
1132,Action,8245,Apr 28 2006
1133,Crime,11994,Sep 22 2006
1134,Comedy,10063,Apr 09 2004
1135,Action,4366,Mar 08 2002
1136,Crime,4377,Jan 17 1997
1137,Biography,29891,Sep 27 2002
1138,Action,4801,Dec 25 2004
1139,Action,63458,Mar 05 2010
1140,Comedy,20769,Nov 05 2004
1141,Comedy,7631,Apr 15 2005
1142,Crime,31785,Dec 25 2001
1143,Comedy,66141,Nov 26 1997
1144,Drama,180387,May 25 1979
1145,Comedy,17929,Apr 22 2005
1146,Action,6511,Dec 25 2000
1147,Drama,94424,Sep 15 2000
1148,Drama,43164,Jun 22 2007
1149,Crime,92494,May 23 2003
1150,Thriller,,Oct 25 2002
1151,Animation,26028,Jan 28 2005
1152,Comedy,83,Sep 17 2010
1153,Horror,22994,Apr 06 2001
1154,Comedy,7943,Jun 14 2002
1155,Adventure,4944,Dec 31 2007
1156,Comedy,19200,Dec 14 2007
1157,Action,6539,Jun 20 2003
1158,Comedy,59498,Nov 24 2004
1159,Comedy,,Nov 15 2002
1160,Action,292562,Sep 15 1999
1161,Comedy,6000,Oct 03 2008
1162,Drama,15097,Apr 21 2006
1163,Comedy,3238,Oct 23 2009
1164,Comedy,181085,Nov 02 2001
1165,Action,224857,Oct 30 1998
1166,Comedy,114060,Nov 02 2007
1167,Drama,13510,May 05 2006
1168,Drama,28477,Dec 12 1997
1169,Crime,2974,Aug 11 2000
1170,Comedy,61083,Mar 30 2001
1171,Animation,66751,Aug 10 2001
1172,Crime,52210,Aug 01 2003
1173,Horror,106624,Jul 09 1999
1174,Thriller,99424,Apr 14 2000
1175,Drama,23686,Aug 15 2003
1176,Biography,26899,Jul 20 2001
1177,Action,26303,Apr 15 2005
1178,Action,9565,Aug 27 2004
1179,Comedy,29430,Apr 11 1997
1180,Action,16513,Nov 14 1997
1181,Crime,78249,Jul 09 2004
1182,Drama,60114,May 15 2009
1183,Action,10185,Dec 24 1999
1184,Horror,11089,May 18 2001
1185,Horror,57088,Apr 11 2003
1186,Horror,23259,Oct 02 1998
1187,Horror,18601,Jun 01 2001
1188,Action,14881,Dec 17 1999
1189,Drama,24090,Dec 06 2002
1190,Action,52894,Mar 05 1999
1191,Comedy,7766,Jul 28 2006
1192,Crime,16263,Jan 12 2001
1193,Horror,31877,Oct 20 2006
1194,Comedy,37343,Oct 02 1998
1195,Comedy,8514,Nov 12 1999
1196,Drama,22836,Sep 19 2008
1197,Drama,82162,Dec 08 2006
1198,Drama,12153,Oct 17 2003
1199,Comedy,7757,Dec 17 1997
1200,Comedy,9116,Mar 03 2006
1201,Comedy,6763,Nov 15 2002
1202,Biography,8740,Jan 21 2005
1203,Action,36051,Jul 09 1999
1204,Comedy,194,Jul 01 1998
1205,Comedy,1629,Jun 28 2002
1206,Action,3547,Feb 20 2004
1207,Comedy,53106,Jul 07 2004
1208,Drama,7626,Dec 15 2006
1209,Drama,91901,Jun 29 2001
1210,Adventure,12484,Aug 25 2000
1211,Comedy,5265,Oct 23 2009
1212,Crime,32396,Oct 02 2009
1213,Crime,10506,Feb 23 2007
1214,Action,92240,Dec 24 1997
1215,Comedy,14548,Dec 11 2009
1216,Comedy,29095,Dec 11 1998
1217,Action,13456,Jan 19 2005
1218,Drama,20259,Aug 27 1999
1219,Drama,29886,Jun 11 2010
1220,Drama,6872,Jan 15 1999
1221,Drama,,Apr 13 2007
1222,Comedy,5480,Mar 31 2006
1223,Comedy,15552,Jun 08 2001
1224,Comedy,16336,Sep 28 2001
1225,Comedy,9309,Aug 11 2000
1226,Drama,75491,Dec 07 2007
1227,Drama,26634,Oct 11 2002
1228,Drama,28650,Nov 17 2007
1229,Comedy,45611,Sep 14 2007
1230,Horror,81005,Jun 10 1999
1231,Drama,69140,Jul 25 2002
1232,Comedy,74487,May 02 1997
1233,Comedy,38089,Nov 26 2008
1234,Horror,7236,Oct 18 2002
1235,Drama,261439,Dec 18 2009
1236,Drama,21432,Aug 14 1998
1237,Drama,85740,Dec 17 2004
1238,Comedy,63019,Aug 13 2004
1239,Action,21516,Jun 16 2004
1240,Action,26076,Nov 30 2007
1241,Comedy,1798,Jun 06 2008
1242,Drama,14929,Jun 05 2009
1243,Drama,22157,Sep 28 2001
1244,Action,9918,Nov 25 1998
1245,Action,95122,Oct 27 2006
1246,Comedy,27189,Aug 29 2008
1247,Comedy,2010,Jan 09 2004
1248,Drama,10886,Aug 27 2004
1249,Crime,9038,Mar 12 1999
1250,Action,58002,Jul 18 2003
1251,Action,17901,Jun 07 2002
1252,Action,21756,Nov 19 2004
1253,Comedy,,Nov 20 2009
1254,Comedy,7749,Jul 22 2005
1255,Animation,92553,Sep 12 2008
1256,Comedy,5143,Sep 15 2000
1257,Animation,7779,Jun 16 2000
1258,Drama,452,Apr 05 2000
1259,Crime,20931,Sep 05 2008
1260,Fantasy,7435,Sep 20 2002
1261,Comedy,14322,May 09 2003
1262,Comedy,1456,Apr 03 1998
1263,Comedy,16784,Mar 31 2006
1264,Comedy,25960,Mar 28 2003
1265,Animation,270641,Jun 15 2005
1266,Action,39316,May 12 2000
1267,Comedy,465000,Jul 18 2008
1268,Comedy,5565,Oct 22 1999
1269,Action,2524,Aug 22 2003
1270,Drama,4485,Jun 27 2001
1271,Comedy,137120,Dec 25 2008
1272,Animation,16128,Apr 25 2008
1273,Action,7765,Aug 11 2000
1274,Crime,9030,Nov 05 1999
1275,Drama,3731,Sep 29 2000
1276,Comedy,32082,Mar 04 2005
1277,Comedy,48,Jun 25 1999
1278,Drama,30946,Oct 20 2000
1279,Comedy,53921,Oct 10 2008
1280,Adventure,118925,Dec 08 2006
1281,Drama,28950,Aug 24 2007
1282,Horror,2238,Sep 29 2000
1283,Animation,22918,Dec 20 1996
1284,Drama,41052,Mar 12 2003
1285,Comedy,20888,Nov 23 2001
1286,Action,30575,Nov 02 2007
1287,Horror,,Sep 15 2006
1288,Drama,113568,Oct 29 1999
1289,Adventure,32575,Nov 30 2001
1290,Comedy,6562,Oct 26 2007
1291,Horror,102,Oct 16 1998
1292,Comedy,19761,Nov 26 2003
1293,Adventure,4067,Oct 22 1999
1294,Action,17824,Apr 07 2006
1295,Comedy,16600,Jul 01 2010
1296,Action,62513,Nov 16 2007
1297,Action,9345,May 22 2002
1298,Fantasy,5468,Mar 30 2005
1299,Comedy,5959,Apr 11 2003
1300,Horror,9877,Feb 08 2002
1301,Comedy,141099,Dec 10 2003
1302,Horror,45535,Jul 02 2004
1303,Crime,14157,Apr 24 1998
1304,Action,13366,Feb 01 2002
1305,Comedy,177960,Mar 06 1998
1306,Biography,21318,Jun 02 2000
1307,Comedy,98653,Dec 28 2001
1308,Comedy,9992,Jan 28 2000
1309,Comedy,9195,Jan 30 2004
1310,Comedy,11610,Apr 05 2002
1311,Adventure,38403,Oct 13 2000
1312,Drama,28827,Dec 17 1999
1313,Biography,25,Oct 29 2004
1314,Action,15167,Aug 03 2007
1315,Comedy,26325,Nov 12 2004
1316,Comedy,58213,Apr 13 2001
1317,Comedy,50848,Mar 07 2008
1318,Crime,64896,Aug 21 1998
1319,Comedy,87629,Jul 14 1999
1320,Comedy,23243,Feb 12 1999
1321,Comedy,90,Mar 22 2002
1322,Adventure,42477,Dec 08 2004
1323,Horror,51929,Mar 30 2007
1324,Comedy,42320,Nov 20 2009
1325,Comedy,16751,Aug 09 2002
1326,Crime,27288,Apr 06 2007
1327,Comedy,10424,Dec 25 2006
1328,Comedy,28145,Mar 02 2007
1329,Comedy,,Dec 31 2008
1330,Comedy,25508,Oct 03 2008
1331,Action,,Jul 02 2003
1332,Comedy,44128,Jul 13 2001
1333,Fantasy,4761,Feb 21 1997
1334,Comedy,70218,Apr 06 2001
1335,Action,11112,Sep 20 2002
1336,Comedy,11699,Aug 16 2002
1337,Drama,5958,Oct 06 2000
1338,Drama,126067,Dec 21 2001
1339,Comedy,11368,Jan 27 2006
1340,Drama,,Dec 31 1969
1341,Action,86172,Jan 21 2000
1342,Biography,12103,Sep 22 2006
1343,Action,30732,Oct 12 2001
1344,Drama,23262,Nov 17 2006
1345,Action,47733,Jan 15 2010
1346,Adventure,13901,Feb 04 2005
1347,Fantasy,32473,Nov 21 2008
1348,Biography,26198,Feb 29 2008
1349,Action,46961,Nov 05 1999
1350,Crime,3524,Oct 24 2001
1351,Action,622,Mar 19 2004
1352,Comedy,70962,Oct 10 1997
1353,Adventure,3612,Nov 03 2006
1354,Comedy,122597,Jun 14 2002
1355,Crime,104614,Jul 23 2004
1356,Comedy,146025,Aug 03 2007
1357,Comedy,4340,Feb 13 1998
1358,Action,10919,Aug 22 2003
1359,Drama,10702,Nov 17 2000
1360,Comedy,76928,Oct 11 2002
1361,Adventure,34435,Oct 08 1999
1362,Comedy,21683,Nov 07 2008
1363,Comedy,17130,Apr 16 2003
1364,Comedy,20962,Mar 23 2001
1365,Drama,9442,Feb 11 2005
1366,Drama,9575,Oct 24 2003
1367,Comedy,15762,Jan 09 2009
1368,Crime,5033,Sep 17 1999
1369,Biography,758,Apr 06 2001
1370,Drama,37204,Mar 31 2006
1371,Crime,31079,Oct 22 1999
1372,Comedy,,May 02 1997
1373,Comedy,14034,Mar 05 2010
1374,Adventure,115951,Dec 09 2005
1375,Comedy,2643,May 14 2004
1376,Comedy,38285,Jun 02 2006
1377,Comedy,2152,Feb 27 1998
1378,Drama,,Dec 31 1969
1379,Biography,2797,May 18 2007
1380,Comedy,22979,Feb 18 2000
1381,Adventure,6044,Sep 07 2007
1382,Romance,153,Mar 23 2001
1383,Mystery,2745,Oct 11 2002
1384,Action,5957,Jan 26 2010
1385,Action,10831,Jul 20 2001
1386,Comedy,97876,Feb 08 2008
1387,Action,7465,Aug 27 2004
1388,Drama,4848,Feb 06 2004
1389,Horror,11164,Sep 13 2002
1390,Comedy,24484,Sep 27 2000
1391,Comedy,45022,Nov 26 2003
1392,Drama,178742,Aug 21 2009
1393,Comedy,23545,Sep 17 1999
1394,Action,102982,Jan 23 2004
1395,Comedy,,Dec 22 2000
1396,Drama,81283,Jun 20 1997
1397,Comedy,13258,Mar 21 2003
1398,Comedy,23110,Sep 19 2003
1399,Horror,101,Jan 27 2006
1400,Drama,11073,Aug 24 2001
1401,Drama,17762,Jun 26 1998
1402,Crime,13510,Jul 25 2003
1403,Crime,15486,May 15 1998
1404,Horror,,Oct 17 2008
1405,Crime,33389,Aug 13 1999
1406,Drama,26834,Jun 24 2005
1407,Comedy,,Aug 04 2006
1408,Action,8002,Dec 17 2004
1409,Drama,28417,Sep 12 2003
1410,Comedy,26,Dec 23 2005
1411,Comedy,5026,Dec 05 2008
1412,Crime,19470,Jun 12 1998
1413,Comedy,41472,Sep 30 2005
1414,Action,3799,Feb 01 2008
1415,Comedy,,Nov 06 2009
1416,Drama,7235,Mar 12 1999
1417,Drama,66809,Jun 09 2006
1418,Comedy,102936,Dec 22 2000
1419,Drama,224,Dec 25 2002
1420,Comedy,15318,Nov 21 2003
1421,Action,1663,Mar 26 1997
1422,Thriller,34651,Jul 23 2004
1423,Drama,7565,Aug 11 2000
1424,Drama,2021,Jul 26 2002
1425,Biography,7968,May 12 2000
1426,Drama,,Sep 16 2005
1427,Crime,895,Oct 31 1997
1428,Drama,4359,Apr 16 2004
1429,Drama,24358,Feb 08 2002
1430,Drama,7082,Apr 20 2001
1431,Drama,10978,Nov 20 1998
1432,Action,36961,Aug 18 2000
1433,Comedy,32534,Sep 10 2004
1434,Drama,14905,Oct 10 2008
1435,Drama,102437,Jul 15 2005
1436,Comedy,5959,Oct 27 2006
1437,Comedy,43942,Jun 27 2003
1438,Comedy,60791,Nov 03 2000
1439,Biography,63591,Apr 04 1997
1440,Action,82650,Dec 27 2002
1441,Comedy,17415,Nov 04 2005
1442,Drama,48307,Jun 21 2000
1443,Drama,24283,Dec 25 2003
1444,Action,11858,Dec 21 2005
1445,Action,3307,Jun 26 2009
1446,Action,5374,Sep 01 1999
1447,Adventure,13735,Oct 16 1998
1448,Drama,9897,Nov 12 2004
1449,Comedy,158125,Dec 25 2006
1450,Animation,8772,Mar 26 2010
1451,Adventure,8580,Nov 16 2007
1452,Adventure,56176,Dec 15 2000
1453,Comedy,4100,May 23 2008
1454,Adventure,16391,Nov 26 2004
1455,Comedy,3164,Mar 13 1998
1456,Adventure,3455,Jul 14 2000
1457,Action,10449,Aug 05 2005
1458,Drama,8028,Dec 15 2006
1459,Comedy,63111,Jun 03 2005
1460,Comedy,14904,Jul 16 2004
1461,Comedy,40053,Apr 10 1998
1462,Fantasy,14244,Dec 25 1998
1463,Comedy,,Mar 07 2008
1464,Action,1659,Sep 03 2004
1465,Action,3681,Dec 29 2000
1466,Biography,9061,Nov 01 2002
1467,Biography,51083,Dec 25 2003
1468,Comedy,,Apr 28 2006
1469,Action,133,Jun 23 2006
1470,Comedy,5277,Jan 05 2007
1471,Comedy,7887,Oct 04 2002
1472,Comedy,212,Dec 03 2004
1473,Action,56668,Jul 21 2006
1474,Comedy,30370,Dec 13 2002
1475,Comedy,17748,Dec 25 2009
1476,Action,3649,Dec 25 2003
1477,Crime,78705,Feb 18 2005
1478,Action,13709,Oct 13 2000
1479,Comedy,16525,Feb 22 2008
1480,Action,19466,Oct 10 2007
1481,Action,8997,Aug 27 2010
1482,Biography,23526,Jan 14 2005
1483,Comedy,36258,Dec 31 2002
1484,Drama,6720,Sep 25 2009
1485,Adventure,9608,Aug 06 2004
1486,Adventure,4063,Mar 12 2004
1487,Comedy,9527,Mar 14 2003
1488,Comedy,105362,Aug 06 2004
1489,Action,6496,Aug 29 2008
1490,Comedy,1305,Mar 09 2001
1491,Animation,1511,Nov 10 2006
1492,Action,76052,Jun 06 1997
1493,Drama,17111,Apr 25 2003
1494,Adventure,35719,Aug 08 1997
1495,Action,73684,Jul 11 1997
1496,Horror,19072,Nov 26 2003
1497,Action,5017,Nov 10 2006
1498,Action,6739,Oct 12 2001
1499,Adventure,38464,Feb 06 2009
1500,Drama,9976,Feb 20 2004
1501,Crime,17736,Sep 08 2006
1502,Fantasy,35192,Aug 15 1997
1503,Comedy,18332,Oct 09 2009
1504,Horror,6127,Dec 08 1999
1505,Action,71094,Sep 01 2006
1506,Crime,20886,Oct 04 1996
1507,Comedy,21135,Feb 26 2010
1508,Action,3991,Oct 22 1999
1509,Drama,1307,Aug 25 2000
1510,Action,14834,Feb 28 2003
1511,Comedy,,Jul 12 2002
1512,Adventure,2720,Jul 19 2000
1513,Comedy,9008,Mar 12 1999
1514,Drama,17975,Dec 21 2006
1515,Drama,20886,May 06 2005
1516,Comedy,7466,Sep 01 2006
1517,Comedy,4894,Feb 15 2002
1518,Action,40605,Jan 25 2002
1519,Drama,66861,Mar 05 1999
1520,Comedy,1244,Nov 27 2009
1521,Comedy,372,Sep 16 2005
1522,Biography,17255,Dec 16 2009
1523,Action,12102,Jun 29 2001
1524,Action,21621,Oct 19 2001
1525,Comedy,6392,Mar 29 2002
1526,Biography,3038,Feb 06 2004
1527,Comedy,16912,Jul 04 2001
1528,Comedy,430,Apr 16 2010
1529,Action,166897,Jan 17 2003
1530,Comedy,2880,Apr 25 2003
1531,Comedy,13487,Sep 06 2002
1532,Action,202,Sep 11 1998
1533,Comedy,33808,Aug 04 2000
1534,Drama,5393,Feb 10 2006
1535,Comedy,14425,Feb 25 2005
1536,Comedy,340,Aug 29 2003
1537,Drama,19913,Sep 18 2009
1538,Animation,43168,Dec 21 2007
1539,Action,,Jun 18 2010
1540,Biography,6809,Aug 08 2007
1541,Comedy,14944,May 09 2003
1542,Comedy,35210,Sep 15 2006
1543,Action,5565,Feb 25 2005
1544,Action,5002,May 22 2009
1545,Action,,May 01 1998
1546,Comedy,63574,Feb 14 2003
1547,Crime,62991,Feb 27 1998
1548,Comedy,,Dec 01 2007
1549,Action,210713,Oct 26 2001
1550,Biography,19652,Jul 08 2005
1551,Comedy,10366,Jan 23 2004
1552,Comedy,31821,Feb 17 2006
1553,Action,22925,Apr 09 2010
1554,Action,73875,Mar 19 2004
1555,Action,28241,Jan 08 2010
1556,Action,8395,Apr 08 2008
1557,Action,14530,Dec 25 2007
1558,Crime,28887,Sep 24 1999
1559,Comedy,10383,Aug 21 2009
1560,Biography,44191,Jul 28 1999
1561,Horror,6968,Oct 01 1999
1562,Drama,,Mar 03 2006
1563,Comedy,36542,Sep 22 2000
1564,Comedy,20792,Feb 15 2008
1565,Drama,246,Feb 05 2010
1566,Comedy,5574,Sep 23 2005
1567,Action,6675,Mar 25 2005
1568,Comedy,16820,Dec 12 1997
1569,Drama,39756,Jun 28 2002
1570,Comedy,5790,Mar 12 1999
1571,Drama,12484,Jan 30 1998
1572,Animation,,Feb 14 2008
1573,Drama,6628,Apr 16 2010
1574,Comedy,66106,Nov 22 2006
1575,Drama,1177,Dec 12 2008
1576,Drama,10529,Jul 09 2010
1577,Comedy,18228,Aug 12 2005
1578,Biography,25397,Dec 10 1999
1579,Comedy,21331,Mar 26 1997
1580,Crime,12771,Jan 24 2003
1581,Horror,362,Dec 31 2008
1582,Comedy,482,Aug 27 1999
1583,Action,14098,Feb 22 2002
1584,Action,7122,Dec 29 2006
1585,Crime,,Jun 03 2005
1586,Drama,10451,Aug 04 1999
1587,Action,130559,Jun 27 2007
1588,Action,1727,Oct 06 2000
1589,Drama,207,Jun 12 1998
1590,Comedy,21427,Jun 02 2006
1591,Drama,34928,Aug 29 2008
1592,Comedy,151742,Aug 14 2009
1593,Drama,9394,Jul 24 1998
1594,Biography,31172,Nov 30 2007
1595,Drama,10881,Feb 21 2003
1596,Drama,520,Oct 29 1999
1597,Action,6086,Jun 25 2004
1598,Horror,5369,Feb 24 2006
1599,Action,7109,Aug 21 1998
1600,Comedy,7606,Mar 03 2000
1601,Action,976,Dec 10 1999
1602,Comedy,34035,Mar 14 2008
1603,Comedy,4551,Jan 23 2009
1604,Horror,13962,May 19 2000
1605,Action,16646,Jun 15 2007
1606,Drama,2709,Dec 31 2005
1607,Fantasy,100476,Nov 12 1999
1608,Drama,10778,Nov 02 2001
1609,Drama,32560,Oct 14 2005
1610,Drama,65462,Feb 28 1997
1611,Comedy,39473,Oct 21 2005
1612,Action,,Dec 12 2008
1613,Crime,920,Mar 26 1999
1614,Comedy,404,Feb 18 2005
1615,Horror,6734,Aug 08 2001
1616,Adventure,54160,May 08 1998
1617,Comedy,264148,Oct 06 2006
1618,Crime,14077,Dec 22 2000
1619,Adventure,40611,Aug 22 2008
1620,Crime,51343,May 29 2009
1621,Adventure,,Dec 08 2000
1622,Crime,3317,Nov 11 2005
1623,Drama,2993,Jun 22 2001
1624,Comedy,25648,Jun 26 1998
1625,Comedy,6949,Sep 05 2003
1626,Comedy,19388,Mar 21 2008
1627,Comedy,5380,Oct 13 2006
1628,Comedy,18795,Apr 27 2001
1629,Action,9979,Dec 25 2004
1630,Action,2298,May 05 2000
1631,Comedy,34141,Mar 21 2003
1632,Comedy,28016,Dec 15 2006
1633,Comedy,15092,Aug 13 1999
1634,Crime,16344,Jul 23 1999
1635,Biography,18165,Dec 13 2002
1636,Drama,,Oct 20 2000
1637,Comedy,2991,Sep 28 2001
1638,Comedy,58176,Aug 04 2006
1639,Comedy,501,Apr 04 2003
1640,Comedy,10050,Aug 02 2002
1641,Comedy,1412,Jun 04 1999
1642,Adventure,72231,Apr 13 2007
1643,Action,162,Jan 12 2001
1644,Biography,6628,Aug 17 2007
1645,Crime,1776,Mar 10 2000
1646,Action,18554,Jul 18 2003
1647,Comedy,4628,Aug 27 1999
1648,Comedy,5340,Sep 15 2000
1649,Drama,27016,Aug 05 2005
1650,Adventure,2966,Sep 30 2005
1651,Comedy,14813,Jun 13 2003
1652,Action,,Oct 08 2005
1653,Drama,16954,Dec 08 2000
1654,Action,19238,Sep 26 2003
1655,Comedy,164,Jul 14 2006
1656,Action,,Oct 17 1997
1657,Drama,116903,May 19 2006
1658,Action,14081,Sep 14 2007
1659,Action,4010,May 03 2002
1660,Biography,9193,Feb 16 2001
1661,Drama,7095,Jan 21 2000
1662,Comedy,23078,Nov 21 2007
1663,Action,483,Sep 17 2010
1664,Action,790,Feb 26 2010
1665,Adventure,24174,Jan 29 2010
1666,Drama,21734,Mar 26 1999
1667,Adventure,22855,Oct 09 2009
1668,Action,8351,Apr 14 2000
1669,Crime,5127,Apr 18 1997
1670,Comedy,52336,Sep 26 2008
1671,Mystery,47753,Feb 26 1999
1672,Comedy,44,Dec 14 2001
1673,Action,37454,Apr 23 1999
1674,Crime,27283,Jan 14 2005
1675,Comedy,42123,Nov 07 2003
1676,Drama,33773,Nov 06 1998
1677,Action,12020,Apr 09 2004
1678,Crime,54413,Sep 12 2003
1679,Action,1059,Oct 01 1999
1680,Adventure,8165,Nov 22 2002
1681,Action,63,Dec 06 2002
1682,Comedy,23674,Jun 24 2005
1683,Horror,17845,Oct 06 2006
1684,Comedy,23355,Dec 15 2000
1685,Comedy,55697,Nov 21 2007
1686,Drama,9969,Dec 03 1999
1687,Crime,43513,Nov 24 1999
1688,Drama,2884,Jan 20 2006
1689,Action,59916,Mar 16 2001
1690,Action,66700,Nov 20 1998
1691,Crime,40764,Apr 30 1999
1692,Action,92,May 24 2002
1693,Crime,15655,Apr 30 2004
1694,Comedy,48975,Jan 26 2007
1695,Comedy,43555,Dec 15 2006
1696,Crime,54977,Mar 17 2000
1697,Comedy,31775,Oct 14 2005
1698,Animation,3019,Aug 13 2010
1699,Comedy,219986,Mar 19 2004
1700,Action,5205,Oct 15 2004
1701,Horror,1391,May 04 2001
1702,Thriller,52548,Feb 20 2004
1703,Comedy,4509,Nov 07 1997
1704,Biography,44671,Aug 15 1997
1705,Action,,Jul 31 1998
1706,Comedy,16769,Dec 25 1996
1707,Drama,39590,Jun 08 2001
1708,Adventure,1097,Dec 25 2000
1709,Action,3699,Aug 31 2007
1710,Horror,14528,Mar 16 2001
1711,Biography,32425,Sep 09 2005
1712,Comedy,15901,Aug 20 2004
1713,Action,4749,Oct 04 2008
1714,Action,35788,Apr 23 1999
1715,Action,12371,Sep 04 2009
1716,Action,3195,Nov 27 2002
1717,Action,93880,Jul 16 1999
1718,Comedy,36139,Dec 25 1998
1719,Drama,20324,Mar 10 2006
1720,Action,25485,Apr 14 2000
1721,Comedy,4973,Sep 25 2009
1722,Action,24434,Dec 16 2005
1723,Action,,Aug 22 2001
1724,Drama,,Jun 16 2000
1725,Biography,20239,Nov 08 2002
1726,Comedy,1016,Jan 28 2005
1727,Sci-Fi,6654,May 09 1997
1728,Comedy,4901,Sep 29 2006
1729,Comedy,102001,Jun 27 1997
1730,Action,35737,Jan 31 2003
1731,Biography,32263,Feb 10 2006
1732,Action,20319,Aug 28 2009
1733,Horror,11438,Aug 30 2002
1734,Adventure,81560,May 22 1998
1735,Action,12023,Sep 22 2006
1736,Drama,131252,May 09 1997
1737,Drama,16693,Nov 06 2002
1738,Comedy,30309,Aug 25 2000
1739,Drama,71675,Jul 08 2005
1740,Comedy,15023,Aug 28 1998
1741,Comedy,44151,Jun 06 2003
1742,Comedy,67939,Jun 22 2001
1743,Action,93,Feb 08 2008
1744,Comedy,74424,Jun 23 2004
1745,Comedy,11829,Sep 23 2009
1746,Drama,53477,Oct 19 2001
1747,Comedy,11683,Jun 15 2007
1748,Comedy,382470,Oct 15 1999
1749,Drama,36227,Jul 11 2001
1750,Comedy,35966,Dec 19 2000
1751,Drama,25033,Apr 20 2001
1752,Animation,2118,Jan 09 1998
1753,Drama,5940,Jan 15 2010
1754,Comedy,4790,Nov 12 1999
1755,Animation,17596,Jun 20 2003
1756,Adventure,52618,Mar 17 2000
1757,Drama,42788,Oct 20 2006
1758,Action,8125,Nov 24 1999
1759,Comedy,4182,Jul 31 2009
1760,Comedy,2832,Oct 20 2006
1761,Drama,18568,Dec 17 2004
1762,Drama,46691,Apr 28 2006
1763,Comedy,18890,Nov 26 1997
1764,Action,21334,Nov 03 2006
1765,Comedy,13934,Sep 22 2006
1766,Drama,1653,Aug 15 2008
1767,Crime,12800,Mar 17 2006
1768,Comedy,34090,Dec 22 2000
1769,Comedy,11087,Apr 07 2006
1770,Crime,165006,May 30 2003
1771,Action,,Oct 05 2007
1772,Action,,Dec 31 2009
1773,Drama,,Oct 18 2002
1774,Drama,72562,Nov 22 2006
1775,Horror,,Jun 15 2007
1776,Comedy,3186,Jan 30 2007
1777,Comedy,45305,Sep 23 2005
1778,Comedy,27629,Apr 12 2002
1779,Action,36548,Apr 18 2008
1780,Drama,18065,Jan 05 2007
1781,Adventure,10176,Jan 12 2000
1782,Horror,29137,Aug 06 2003
1783,Drama,35968,Apr 28 2000
1784,Comedy,106648,Sep 30 2005
1785,Comedy,1169,Sep 24 2004
1786,Comedy,17964,Apr 26 2002
1787,Comedy,26798,Feb 13 2009
1788,Drama,6742,Nov 22 2002
1789,Comedy,26243,Oct 25 2002
1790,Crime,20868,Oct 08 2004
1791,Biography,10447,Aug 01 2008
1792,Drama,16232,Nov 25 2009
1793,Action,6660,Aug 02 2002
1794,Comedy,5498,Sep 26 2008
1795,Action,4679,Apr 27 2001
1796,Comedy,36366,Dec 05 2008
1797,Comedy,8680,Dec 29 2006
1798,Drama,462,Jan 06 2006
1799,Drama,40877,Aug 13 1997
1800,Adventure,1788,Dec 21 2005
1801,Comedy,37791,Jul 31 2009
1802,Comedy,,Nov 10 2006
1803,Horror,3458,Apr 30 2010
1804,Comedy,16736,Apr 08 2005
1805,Adventure,7780,Nov 17 2006
1806,Biography,74136,Sep 12 1997
1807,Action,113378,Dec 20 2002
1808,Drama,19870,Jun 11 2004
1809,Drama,10902,May 11 2007
1810,Action,70906,Oct 24 1997
1811,Comedy,,Oct 19 2007
1812,Drama,198,Feb 27 2004
1813,Comedy,1961,Oct 10 2003
1814,Comedy,7437,Feb 21 2003
1815,Action,13007,Dec 15 2006
1816,Action,15946,Nov 06 1998
1817,Comedy,4332,Oct 05 2007
1818,Action,,Apr 02 2003
1819,Fantasy,1762,Dec 31 2004
1820,Drama,8583,Feb 14 2003
1821,Drama,9633,Jul 24 2009
1822,Drama,12400,Sep 15 2006
1823,Comedy,21460,Aug 07 2002
1824,Comedy,25891,Oct 25 2002
1825,Action,5276,Dec 20 1996
1826,Drama,10629,Sep 14 2001
1827,Comedy,63235,Feb 16 2007
1828,Comedy,310,Sep 19 2008
1829,Drama,28488,Dec 19 2000
1830,Comedy,29031,Aug 01 2003
1831,Comedy,23807,Aug 22 1997
1832,Drama,47052,Aug 07 2009
1833,Drama,,Dec 21 1999
1834,Horror,279512,May 05 2000
1835,Drama,13778,Sep 21 2001
1836,Comedy,2726,Jan 22 1999
1837,Crime,29013,Sep 21 2007
1838,Drama,,Aug 24 2001
1839,Action,198916,Dec 10 1999
1840,Crime,1443,Apr 22 2005
1841,Drama,50881,Aug 03 2007
1842,Comedy,42797,Oct 07 2005
1843,Comedy,23570,Jun 18 1999
1844,Action,3607,Feb 04 2000
1845,Action,,Apr 09 1999
1846,Crime,16809,May 12 2006
1847,Adventure,,Aug 18 2000
1848,Crime,13866,Apr 30 2004
1849,Crime,59455,May 19 1998
1850,Comedy,,Aug 25 2000
1851,Comedy,2940,Jun 09 2000
1852,Adventure,1926,Dec 31 2008
1853,Drama,150415,Feb 20 1987
1854,Action,36648,Dec 26 2001
1855,Biography,,Apr 21 2000
1856,Animation,14984,Sep 22 2007
1857,Drama,23493,Dec 12 2003
1858,Drama,52507,Dec 25 1999
1859,Action,8543,Aug 04 2000
1860,Comedy,2084,Jun 01 2007
1861,Action,8894,Aug 12 2005
1862,Adventure,3346,Mar 21 2008
1863,Comedy,50763,Aug 31 2005
1864,Comedy,92594,Jul 28 2004
1865,Comedy,60146,Jun 16 1978
1866,Comedy,26759,Mar 12 2010
1867,Comedy,19685,Jul 16 1997
1868,Drama,43532,Aug 26 2005
1869,Drama,5614,Apr 09 2004
1870,Adventure,40310,Nov 17 2000
1871,Action,82770,Apr 06 2007
1872,Action,18126,Nov 09 2005
1873,Drama,38158,Oct 05 2005
1874,Comedy,2486,Jun 09 2000
1875,Action,41523,Apr 11 1997
1876,Action,16024,Oct 13 2006
1877,Drama,43218,Oct 22 2004
1878,Comedy,13488,Jun 25 2010
1879,Comedy,,Mar 03 2000
1880,Comedy,15789,Mar 25 2005
1881,Drama,14196,Oct 06 2000
1882,Action,9350,Mar 09 2001
1883,Comedy,8778,Oct 17 2003
1884,Action,9239,Jan 31 2003
1885,Comedy,8147,Jan 17 2003
1886,Drama,42973,Jul 20 2001
1887,Drama,9284,Aug 28 2009
1888,Action,41511,Jul 20 2007
1889,Action,18791,Jan 16 1998
1890,Comedy,5147,Dec 25 1996
1891,Drama,5147,May 12 2000
1892,Biography,,Dec 31 1969
1893,Comedy,100822,Jul 02 2008
1894,Comedy,4678,Jan 05 2007
1895,Comedy,72259,Jun 13 2008
1896,Horror,198,Oct 01 1999
1897,Fantasy,45791,Apr 14 2006
1898,Comedy,26347,Nov 10 2006
1899,Drama,2758,May 17 2002
1900,Action,14297,Apr 30 2010
1901,Action,18964,Aug 22 2008
1902,Drama,36082,Jul 22 2005
1903,Action,3311,Apr 11 2003
1904,Drama,5541,Oct 10 2003
1905,Action,23604,Mar 05 2004
1906,Drama,30891,Jan 28 2005
1907,Comedy,20461,Dec 16 2005
1908,Action,,Dec 17 2010
1909,Comedy,8447,Mar 28 2003
1910,Action,14766,Jul 20 2001
1911,Action,1605,Feb 11 2005
1912,Comedy,14494,May 01 1998
1913,Action,77,Nov 09 2001
1914,Crime,61902,Jul 11 2008
1915,Action,67763,Apr 02 2004
1916,Animation,10526,May 28 2004
1917,Drama,7180,Jul 23 2004
1918,Animation,,Aug 27 2004
1919,Comedy,4929,Mar 24 2000
1920,Comedy,,Dec 03 2004
1921,Crime,6574,Feb 02 2001
1922,Drama,31808,Jul 23 1999
1923,Crime,14428,Apr 05 2002
1924,Comedy,69740,Mar 31 2000
1925,Comedy,8421,Sep 01 2000
1926,Drama,2205,Oct 26 2001
1927,Comedy,18587,Oct 24 2008
1928,Animation,10293,Nov 21 2006
1929,Comedy,79738,Sep 23 2005
1930,Comedy,89,Feb 11 2005
1931,Drama,520,Nov 21 2007
1932,Comedy,42358,Apr 25 2008
1933,Adventure,56030,Jul 30 2004
1934,Action,1840,May 12 2000
1935,Comedy,17948,Mar 23 2007
1936,Comedy,43747,Mar 10 2006
1937,Crime,25756,Oct 03 2008
1938,Drama,6909,Nov 15 2002
1939,Action,,Aug 05 1998
1940,Comedy,13181,Jul 12 2002
1941,Crime,9105,Oct 09 1998
1942,Action,479,Nov 26 2008
1943,Action,9017,Aug 22 2008
1944,Comedy,,Feb 01 2008
1945,Drama,4772,Apr 02 2004
1946,Comedy,28690,Feb 09 2007
1947,Drama,127634,Jun 05 2009
1948,Comedy,6098,Feb 18 2000
1949,Comedy,9171,Apr 06 2007
1950,Comedy,19388,Apr 18 2003
1951,Drama,48215,Dec 08 2006
1952,Horror,41499,Aug 04 2000
1953,Comedy,,Apr 29 2005
1954,Drama,4806,Nov 25 1998
1955,Comedy,13026,Dec 05 2003
1956,Comedy,5012,Jun 10 2005
1957,Adventure,2830,May 05 2006
1958,Crime,9168,May 29 1998
1959,Drama,31323,Mar 14 2008
1960,Drama,31511,Jun 08 2007
1961,Drama,3070,Mar 11 2005
1962,Comedy,64642,Jan 06 2006
1963,Comedy,22250,Aug 03 2007
1964,Comedy,44618,Dec 27 2002
1965,Drama,19308,Oct 26 2001
1966,Drama,16242,Mar 07 2003
1967,Comedy,32159,May 06 2005
1968,Comedy,5292,Jul 18 2003
1969,Drama,14470,Dec 21 2001
1970,Comedy,,Aug 06 1997
1971,Drama,120063,Nov 15 2002
1972,Comedy,108928,Jun 04 2004
1973,Comedy,111946,Nov 18 2005
1974,Crime,104074,Jul 11 2007
1975,Action,73720,Jul 15 2009
1976,Drama,132238,Nov 16 2001
1977,Crime,42369,Nov 17 2006
1978,Drama,21902,Jun 15 1997
1979,Animation,165,Sep 14 2001
1980,Drama,14375,Jan 16 1998
1981,Comedy,15831,May 15 1998
1982,Adventure,1342,Jun 13 2003
1983,Drama,1519,Aug 11 2006
1984,Comedy,7097,Sep 11 2009
1985,Action,19541,Feb 15 2002
1986,Comedy,61513,Apr 29 2005
1987,Mystery,165,Jun 10 2005
1988,Comedy,129779,Apr 20 2007
1989,Comedy,9455,May 05 2000
1990,Action,28556,Mar 26 2010
1991,Action,35878,Oct 01 2004
1992,Action,70844,Jun 20 2003
1993,Comedy,82419,Jun 13 2008
1994,Drama,19479,Jun 21 1996
1995,Action,18941,Mar 14 2003
1996,Action,,Feb 13 1998
1997,Comedy,83679,Jun 26 2009
1998,Drama,18688,Jul 22 2005
1999,Drama,48935,Mar 05 2004
2000,Drama,10486,May 03 2002
2001,Biography,16452,Jun 13 2003
2002,Crime,4192,Mar 24 2000
2003,Drama,50981,Mar 31 2006
2004,Horror,33289,Jul 01 2009
2005,Drama,75552,Mar 15 2002
2006,Biography,7106,Mar 18 2005
2007,Action,27544,Sep 27 1997
2008,Adventure,618,Dec 31 1969
2009,Comedy,57909,Apr 25 2003
2010,Horror,8078,Jun 18 1999
2011,Action,3056,Aug 25 2006
2012,Action,19050,Sep 13 2002
2013,Comedy,6614,Sep 19 2008
2014,Comedy,985,May 27 1998
2015,Comedy,16157,Apr 30 1999
2016,Comedy,6057,Dec 17 2004
2017,Drama,23268,Nov 13 1998
2018,Drama,36807,Oct 17 1997
2019,Comedy,179,Jul 10 2009
2020,Comedy,92040,Aug 18 2006
2021,Action,10073,Jul 07 2000
2022,Action,33374,Dec 25 2009
2023,Drama,9534,Jan 27 2006
2024,Drama,3092,Jun 12 2009
2025,Action,9020,Jan 04 2002
2026,Drama,188247,Jul 16 2010
2027,Crime,11590,Oct 22 2003
2028,Comedy,2529,Aug 25 1999
2029,Comedy,5775,Dec 15 2006
2030,Mystery,135071,May 22 2008
2031,Drama,7138,Jan 15 1999
2032,Drama,6917,Oct 13 2006
2033,Action,380,Sep 18 2009
2034,Drama,7595,Apr 24 2009
2035,Drama,14157,Jan 23 2009
2036,Biography,18773,Sep 19 1997
2037,Drama,46347,Jul 20 2007
2038,Action,86229,Mar 24 2006
2039,Comedy,68747,Nov 05 1999
2040,Comedy,33,May 24 2002
2041,Biography,13881,Jul 23 1999
2042,Comedy,15388,Jun 04 1999
2043,Mystery,24578,Oct 02 2009
2044,Crime,28605,Aug 17 2007
2045,Drama,855,Sep 14 2007
2046,Horror,,Jul 16 2004
2047,Comedy,61256,May 07 2010
2048,Action,174040,May 02 2008
2049,Horror,38791,Aug 04 1999
2050,Drama,3048,Aug 29 2008
2051,Drama,82601,Jul 22 2005
2052,Comedy,1426,Jan 28 2000
2053,Action,18061,Nov 01 2002
2054,Drama,76835,May 30 2003
2055,Action,8643,Mar 16 2007
2056,Comedy,6932,Dec 11 1998
2057,Animation,84068,Dec 25 1997
2058,Comedy,35540,Nov 14 1997
2059,Action,35932,Mar 04 2005
2060,Comedy,6636,Sep 24 1999
2061,Adventure,60650,Nov 04 2005
2062,Crime,9329,Feb 19 1999
2063,Drama,59406,Nov 19 1999
2064,Action,67476,Nov 22 2002
2065,Action,172936,Nov 17 2006
2066,Drama,93596,Nov 14 2008
2067,Animation,24265,Sep 18 2009
2068,Crime,24434,Sep 22 2006
2069,Comedy,27454,Oct 25 2002
2070,Comedy,23756,Jul 11 2008
2071,Drama,18666,Apr 11 2001
2072,Drama,15897,Aug 24 2001
2073,Drama,30610,Aug 31 2001
2074,Comedy,29246,Jul 18 2003
2075,Action,15975,Aug 29 2003
2076,Action,57465,Sep 21 2007
2077,Fantasy,3278,Apr 07 2004
2078,Biography,27370,Mar 26 2004
2079,Biography,358,Dec 13 2002
2080,Adventure,3920,Apr 27 2007
2081,Drama,408,Jul 27 2001
2082,Drama,29457,Sep 16 2005
2083,Biography,13368,May 12 2006
2084,Action,,Nov 12 1999
2085,Comedy,2740,Feb 14 2003
2086,Drama,5313,Dec 21 2001
2087,Comedy,2316,Jun 18 2010
2088,Horror,32338,Feb 15 2002
2089,Comedy,1704,Oct 04 2002
2090,Comedy,4345,Apr 16 2010
2091,Comedy,11284,Apr 11 2001
2092,Action,118,Oct 05 2001
2093,Biography,78603,Dec 13 1996
2094,Action,62692,Aug 24 2001
2095,Drama,4620,Jun 16 2000
2096,Fantasy,7067,Oct 15 2004
2097,Crime,22269,Aug 07 2009
2098,Comedy,69161,Feb 14 2008
2099,Animation,11457,Aug 03 2005
2100,Comedy,149855,Dec 05 2007
2101,Drama,151365,Jul 18 2001
2102,Biography,949,Oct 13 2000
2103,Action,19508,Jan 10 2003
2104,Drama,3062,Jun 21 2002
2105,Drama,39182,Aug 15 2003
2106,Comedy,22288,Jul 19 2002
2107,Action,23600,Dec 25 2001
2108,Horror,,Feb 28 1997
2109,Drama,9994,Jan 17 2003
2110,Adventure,86990,Apr 16 2010
2111,Adventure,3258,Aug 18 2000
2112,Comedy,22087,Jul 06 2001
2113,Action,,Apr 08 2005
2114,Comedy,20039,Jun 11 2010
2115,Horror,8342,Aug 10 1977
2116,Comedy,3841,May 13 2005
2117,Drama,182834,Apr 16 2004
2118,Comedy,231761,Oct 10 2003
2119,Crime,,Apr 11 2001
2120,Biography,83189,May 06 2005
2121,Action,20135,Nov 12 2004
2122,Action,8291,Mar 13 2002
2123,Animation,20932,Oct 03 1997
2124,Adventure,132720,Dec 14 2005
2125,Crime,111192,Jun 01 2007
2126,Adventure,13887,Jun 23 2010
2127,Drama,47200,Sep 28 2007
2128,Comedy,12747,Nov 21 2001
2129,Drama,11019,Oct 11 2002
2130,Comedy,58138,Mar 20 2009
2131,Action,5852,Sep 04 1998
2132,Adventure,50475,Oct 26 2001
2133,Comedy,9126,Nov 24 2004
2134,Crime,2251,Apr 22 2005
2135,Action,,Oct 21 2005
2136,Action,47609,May 11 2001
2137,Crime,26816,Dec 14 2007
2138,Biography,10248,Dec 25 1997
2139,Drama,19348,Jan 25 2002
2140,Crime,165161,Sep 19 1997
2141,Adventure,45577,Oct 16 2009
2142,Crime,23369,Oct 01 2004
2143,Action,39242,Mar 26 2004
2144,Comedy,47535,Jul 21 2006
2145,Adventure,36613,Jun 16 2006
2146,Action,18547,Sep 19 2008
2147,Crime,6556,Oct 13 2000
2148,Animation,16830,Jun 05 2009
2149,Comedy,29222,Apr 12 2002
2150,Comedy,32423,Oct 12 2007
2151,Action,15696,May 16 2003
2152,Drama,9266,Apr 30 2004
2153,Comedy,7625,Aug 06 2004
2154,Comedy,39857,May 13 2005
2155,Comedy,7547,Mar 24 2006
2156,Drama,37162,Oct 06 2006
2157,Drama,20355,Jan 12 2001
2158,Action,,Jun 24 2005
2159,Action,43,Feb 02 2001
2160,Drama,19962,Jan 22 2010
2161,Action,153631,Dec 14 2007
2162,Comedy,14504,Apr 04 2008
2163,Action,,Apr 18 2008
2164,Comedy,56872,Dec 20 2006
2165,Action,,Apr 26 2002
2166,Action,8060,Jan 13 2006
2167,Comedy,32172,Dec 29 1999
2168,Crime,67798,Mar 21 1997
2169,Comedy,86428,Dec 06 2002
2170,Drama,7855,Jan 09 2004
2171,Drama,16266,Nov 23 2005
2172,Comedy,5122,Sep 07 2001
2173,Romance,57889,Dec 10 2004
2174,Action,37628,Feb 21 2003
2175,Crime,99,Apr 16 1999
2176,Drama,4870,Jul 03 2002
2177,Comedy,25611,Jun 21 2002
2178,Action,3855,Jun 04 1999
2179,Comedy,2257,Nov 10 1999
2180,Crime,3040,Oct 30 1998
2181,Crime,10199,May 02 2003
2182,Crime,4576,May 14 2010
2183,Drama,1482,Apr 05 2002
2184,Comedy,54022,Sep 27 2006
2185,Drama,15197,Jul 22 1998
2186,Drama,4126,Dec 30 2002
2187,Comedy,151013,Jul 26 2006
2188,Crime,13550,Apr 20 2007
2189,Crime,22264,Nov 09 2007
2190,Drama,181,Feb 10 2006
2191,Drama,33866,Feb 07 2003
2192,Drama,12877,Jul 21 2000
2193,Crime,,Apr 23 2010
2194,Biography,5790,Apr 28 2006
2195,Drama,31611,Apr 03 1998
2196,Adventure,118,Apr 23 1999
2197,Drama,,Aug 20 2010
2198,Comedy,5835,Apr 21 2000
2199,Biography,1165,Mar 14 1997
2200,Crime,2446,May 21 1999
2201,Comedy,3936,Jun 28 2002
2202,Drama,326950,Dec 18 2002
2203,Adventure,364077,Dec 17 2003
2204,Drama,387438,Dec 19 2001
2205,Drama,80124,Sep 16 2005
2206,Comedy,,Mar 05 1999
2207,Crime,2711,Sep 24 2004
2208,Drama,4585,Mar 24 2006
2209,Comedy,12250,Aug 17 2007
2210,Action,106002,Dec 05 2003
2211,Action,1012,Feb 09 2007
2212,Comedy,7210,Mar 31 2010
2213,Crime,3228,Sep 10 1999
2214,Crime,130998,Sep 12 2003
2215,Comedy,3463,Feb 15 2002
2216,Comedy,6639,Oct 13 2000
2217,Comedy,3465,Jan 15 2010
2218,Drama,77124,May 22 1997
2219,Drama,15422,Jul 03 2007
2220,Comedy,8604,Nov 14 2003
2221,Drama,839,Apr 09 2010
2222,Comedy,47846,Jul 10 1998
2223,Crime,97,Jul 14 2006
2224,Comedy,4719,Sep 26 2008
2225,Comedy,9870,May 04 2007
2226,Action,467,May 05 2000
2227,Crime,15440,Sep 28 2007
2228,Drama,5909,Sep 26 2003
2229,Action,97921,Nov 07 2003
2230,Adventure,2202,Oct 27 2000
2231,Mystery,32049,Dec 11 2009
2232,Drama,14178,Jun 22 2005
2233,Action,13612,Sep 17 1999
2234,Drama,4541,Apr 02 2010
2235,Comedy,6111,Sep 18 2009
2236,Comedy,6923,Apr 06 2001
2237,Comedy,75070,Feb 09 2007
2238,Comedy,163,Jun 30 2010
2239,Comedy,21412,Jun 08 2007
2240,Biography,,Dec 09 2005
2241,Action,39752,May 27 2005
2242,Adventure,9611,Nov 07 1997
2243,Comedy,9720,Jul 13 2001
2244,Action,30285,Nov 07 2008
2245,Comedy,56480,May 27 2005
2246,Action,2562,May 13 2005
2247,Comedy,536,Apr 22 2005
2248,Biography,7706,Jul 24 1998
2249,Crime,23753,Jan 16 2009
2250,Comedy,14953,Apr 04 2003
2251,Adventure,75256,Apr 23 2004
2252,Crime,3432,Feb 25 2005
2253,Drama,49481,Dec 22 1999
2254,Comedy,11307,Nov 14 1997
2255,Crime,3449,Aug 22 2003
2256,Comedy,4358,Mar 07 2008
2257,Action,13157,Oct 13 2006
2258,Action,15800,Feb 18 2005
2259,Comedy,25035,Dec 30 2005
2260,Action,380934,Mar 31 1999
2261,Crime,2490,Oct 05 2001
2262,Drama,41,Feb 07 2003
2263,Action,5699,Jul 08 2005
2264,Comedy,51760,Aug 15 2008
2265,Comedy,46548,Apr 19 2002
2266,Drama,14617,Sep 19 2008
2267,Adventure,8211,Feb 23 2001
2268,Comedy,3362,Mar 21 2008
2269,Action,18037,Jan 16 2009
2270,Drama,5733,May 05 2006
2271,Animation,3466,Apr 18 1997
2272,Comedy,,Nov 02 2007
2273,Crime,36553,Jul 30 2004
2274,Biography,16646,Aug 20 1999
2275,Biography,59493,Oct 05 2007
2276,Comedy,63632,Nov 14 2003
2277,Drama,2326,Aug 20 2010
2278,Action,13391,Jan 27 2006
2279,Drama,14472,Aug 20 2004
2280,Crime,10121,Aug 22 2003
2281,Drama,13381,Jul 11 2008
2282,Action,141212,Dec 15 2004
2283,Adventure,5468,Feb 20 2009
2284,Drama,15260,May 02 2008
2285,Adventure,63607,Apr 30 2004
2286,Action,12754,Feb 22 2002
2287,Drama,1379,Mar 27 1998
2288,Action,215,Jun 23 2000
2289,Biography,38695,Dec 09 2005
2290,Adventure,119704,Jul 01 1997
2291,Comedy,30630,Nov 10 2000
2292,Crime,274524,Mar 16 2001
2293,Comedy,21449,Apr 03 1998
2294,Drama,307,Oct 31 2000
2295,Biography,9363,Mar 03 2006
2296,Comedy,13108,Feb 12 1999
2297,Comedy,56067,Nov 13 1998
2298,Action,16134,Jul 16 2004
2299,Comedy,,Sep 21 2001
2300,Drama,121540,Dec 17 1999
2301,Action,33763,Nov 06 2009
2302,Biography,1351,Mar 31 2006
2303,Drama,467,Jul 03 2002
2304,Comedy,,May 28 2010
2305,Crime,4489,Dec 22 2000
2306,Comedy,14297,Mar 24 2005
2307,Crime,86222,May 24 2000
2308,Biography,74174,May 05 2006
2309,Comedy,42323,Dec 22 2000
2310,Comedy,19068,Nov 26 2003
2311,Action,9187,Dec 25 1998
2312,Horror,24809,Dec 21 2001
2313,Biography,1166,Aug 02 2002
2314,Fantasy,8159,Apr 18 2003
2315,Comedy,13491,Jul 29 2005
2316,Drama,11022,Sep 26 2003
2317,Comedy,32449,Mar 10 2000
2318,Comedy,10398,Sep 30 2005
2319,Crime,6303,Sep 24 1999
2320,Fantasy,23357,May 13 2005
2321,Drama,14706,Aug 17 2001
2322,Comedy,8986,Jan 27 2006
2323,Action,18960,Nov 21 1997
2324,Drama,561,Mar 13 1998
2325,Crime,16320,May 13 2005
2326,Action,8346,Sep 27 2002
2327,Comedy,23657,Dec 19 2003
2328,Action,38023,Dec 26 2001
2329,Horror,265,Jul 27 2007
2330,Drama,1563,Oct 22 1999
2331,Adventure,20689,Jul 21 2006
2332,Comedy,65773,Oct 29 1999
2333,Drama,11314,Feb 22 2002
2334,Drama,39908,Dec 24 2003
2335,Comedy,39908,Nov 02 2001
2336,Drama,,Jul 25 2003
2337,Action,8640,Aug 22 1997
2338,Drama,55251,Jun 12 2009
2339,Drama,6907,Feb 20 2004
2340,Drama,3831,Dec 20 2002
2341,Drama,26948,Jan 25 2002
2342,Animation,2105,May 18 2001
2343,Comedy,2417,Nov 25 2009
2344,Drama,69613,Dec 22 2004
2345,Comedy,84924,Oct 06 2000
2346,Crime,6202,Sep 17 2004
2347,Drama,126,Feb 06 2004
2348,Comedy,135142,Jun 21 2002
2349,Drama,,Nov 13 2009
2350,Drama,174,Mar 20 1998
2351,Action,8831,Dec 09 2005
2352,Action,16672,Nov 21 1997
2353,Biography,9684,Dec 20 1996
2354,Comedy,8559,Sep 26 2008
2355,Action,14934,Dec 19 1997
2356,Drama,2762,Jul 24 2003
2357,Comedy,10236,Dec 29 2006
2358,Animation,416,Nov 20 2009
2359,Crime,47281,Jan 25 2008
2360,Action,1338,Oct 01 1999
2361,Horror,65704,Dec 28 2005
2362,Drama,900,May 07 2010
2363,Comedy,13881,Jun 22 2007
2364,Action,,Jan 25 2002
2365,Adventure,148874,May 15 2003
2366,Comedy,123347,Nov 05 2003
2367,Adventure,1576,May 07 2004
2368,Comedy,34256,Jun 19 1998
2369,Drama,103026,Oct 08 2001
2370,Drama,95658,May 07 1999
2371,Horror,68084,May 04 2001
2372,Action,41570,Aug 01 2008
2373,Drama,79529,Dec 23 2005
2374,Crime,5945,Jul 14 1999
2375,Comedy,22318,Apr 19 2002
2376,Action,6507,Aug 27 1999
2377,Comedy,67133,Dec 22 2006
2378,Comedy,7812,Sep 07 2001
2379,Comedy,32307,Feb 14 2007
2380,Action,14021,Dec 29 2004
2381,Comedy,51921,Jul 28 2006
2382,Animation,26582,Mar 27 2009
2383,Western,13602,Apr 16 2003
2384,Drama,37696,Mar 02 2001
2385,Drama,37287,Jun 20 1997
2386,Comedy,,Dec 15 2000
2387,Comedy,9029,Jan 12 2000
2388,Action,2961,Aug 05 2005
2389,Animation,17135,Jun 17 2005
2390,Comedy,4918,Feb 12 1999
2391,Action,6366,Dec 20 1996
2392,Drama,13839,Jun 26 2009
2393,Comedy,7242,Jun 17 2005
2394,Drama,,Aug 06 1999
2395,Action,119484,Oct 08 2003
2396,Action,31455,Jun 16 2006
2397,Crime,19248,Dec 20 2002
2398,Action,46608,May 16 2008
2399,Adventure,83989,Nov 19 2004
2400,Drama,4701,Dec 01 2006
2401,Drama,21708,Mar 14 2008
2402,Crime,22859,Sep 30 2005
2403,Biography,,Feb 05 2010
2404,Adventure,197898,Nov 09 2007
2405,Crime,159123,Nov 05 2004
2406,Comedy,46511,Jul 29 1998
2407,Comedy,12554,Apr 30 2010
2408,Drama,1010,Jan 09 2009
2409,Drama,14268,May 10 2002
2410,Crime,4443,Mar 27 1998
2411,Drama,6104,Mar 03 2000
2412,Crime,3776,Jul 11 2003
2413,Comedy,25695,Dec 29 2004
2414,Drama,66362,May 28 1999
2415,Horror,35082,Nov 10 2000
2416,Comedy,4968,Dec 27 2002
2417,Comedy,10391,Apr 04 2008
2418,Drama,20078,Nov 25 2009
2419,Biography,50510,Mar 10 2000
2420,Comedy,252,Sep 15 2010
2421,Comedy,5461,Oct 27 2000
2422,Comedy,25631,May 22 2009
2423,Comedy,24021,Oct 03 2008
2424,Action,9811,Jan 16 2009
2425,Comedy,4086,Jul 27 2007
2426,Drama,1224,Mar 16 2007
2427,Drama,19600,Dec 07 2001
2428,Comedy,16952,Jul 27 2007
2429,Drama,95850,Jun 25 2004
2430,Comedy,2189,Jul 22 2005
2431,Comedy,6233,Nov 16 2001
2432,Comedy,,Mar 07 2003
2433,Drama,76557,Jun 11 2004
2434,Family,16497,Oct 21 2005
2435,Action,9700,Mar 09 2007
2436,Biography,3264,Feb 11 2005
2437,Comedy,36323,Oct 10 2003
2438,Comedy,38227,Apr 22 2005
2439,Action,8437,Aug 04 2006
2440,Drama,,Feb 13 2009
2441,Adventure,59174,Feb 23 2007
2442,Drama,20354,Sep 08 2000
2443,Comedy,5379,Dec 21 2001
2444,Drama,17075,Jul 28 2000
2445,Crime,511,Jul 12 2002
2446,Drama,86828,Nov 12 2004
2447,Action,99464,Sep 21 2007
2448,Action,33248,Dec 25 2005
2449,Animation,25136,Feb 17 2006
2450,Action,,May 07 2004
2451,Action,8492,Apr 17 1998
2452,Action,23742,Jan 11 2002
2453,Comedy,139034,Dec 07 2001
2454,Comedy,89861,Dec 10 2004
2455,Drama,76884,Jun 08 2007
2456,Action,1429,Apr 22 2010
2457,Action,80972,Feb 19 1999
2458,Drama,13755,Oct 11 2002
2459,Comedy,24523,Jun 06 2006
2460,Comedy,48477,Dec 22 1999
2461,Comedy,34348,Jun 16 2007
2462,Drama,643,Jul 07 2006
2463,Action,42134,Aug 21 2002
2464,Comedy,5591,Sep 18 1998
2465,Action,887,Sep 25 2009
2466,Comedy,2617,Oct 26 2001
2467,Biography,2993,Oct 13 2006
2468,Comedy,468,Nov 22 2006
2469,Adventure,52,Sep 29 2006
2470,Action,23667,Aug 06 2004
2471,Adventure,26438,Aug 15 2003
2472,Crime,9119,Sep 05 2003
2473,Comedy,15592,Oct 23 1998
2474,Comedy,15939,Aug 03 2001
2475,Biography,4737,Jan 30 2004
2476,Action,3782,Dec 31 1997
2477,Drama,60477,Feb 21 2003
2478,Comedy,10959,Aug 10 2001
2479,Drama,7396,Aug 17 2001
2480,Comedy,10748,Sep 23 2005
2481,Action,7153,Nov 21 2001
2482,Comedy,18299,Jan 23 2009
2483,Comedy,38263,Jun 26 1998
2484,Comedy,151,Oct 03 2003
2485,Drama,6338,Apr 02 1999
2486,Comedy,5789,May 02 2003
2487,Fantasy,22590,Mar 04 2005
2488,Adventure,153762,Dec 29 2006
2489,Adventure,87326,Feb 25 2004
2490,Comedy,31481,Dec 25 1998
2491,Comedy,304,Feb 05 1999
2492,Action,35660,Dec 25 2003
2493,Action,47541,Oct 17 2008
2494,Mystery,12439,Aug 11 2004
2495,Adventure,23486,Aug 03 2001
2496,Comedy,21524,Sep 26 1997
2497,Crime,16894,Dec 25 2003
2498,Comedy,6305,Apr 25 2003
2499,Comedy,808,May 21 2010
2500,Comedy,16324,Aug 07 2009
2501,Crime,6343,Apr 07 2006
2502,Drama,5233,Feb 28 2003
2503,Drama,42832,Dec 22 2004
2504,Comedy,68874,Apr 04 2003
2505,Adventure,134516,Dec 27 2002
2506,Comedy,28456,Feb 10 2006
2507,Action,232719,Jul 09 2003
2508,Comedy,150446,Jul 07 2006
2509,Action,133241,May 25 2007
2510,Animation,49383,Jun 11 2004
2511,Crime,55217,Feb 18 2000
2512,Comedy,6039,Dec 24 1999
2513,Action,4411,May 12 2000
2514,Action,20451,Feb 12 2010
2515,Drama,175,May 04 2007
2516,Drama,224,May 14 2010
2517,Biography,19382,Jul 16 1999
2518,Action,6981,Apr 23 2010
2519,Comedy,22609,Jan 19 2001
2520,Drama,23099,Dec 08 2000
2521,Comedy,9669,Dec 15 2000
2522,Comedy,72763,Jul 27 2001
2523,Action,1023,Apr 30 2010
2524,Action,9645,Nov 20 2009
2525,Comedy,9207,Aug 16 2002
2526,Crime,2072,Apr 08 1998
2527,Comedy,53455,Sep 25 2009
2528,Drama,,Aug 06 2008
2529,Comedy,3215,Dec 25 2002
2530,Animation,496,Jun 29 2001
2531,Action,29428,Sep 25 2009
2532,Drama,50482,Apr 16 2004
2533,Comedy,,Jul 21 2000
2534,Biography,2577,Apr 06 2001
2535,Biography,28550,Nov 10 2004
2536,Biography,38276,Jan 16 2004
2537,Drama,13821,Aug 14 2009
2538,Comedy,6183,Jun 29 2001
2539,Adventure,35930,May 12 2006
2540,Drama,6789,Aug 16 2002
2541,Crime,,Feb 15 2002
2542,Comedy,20196,Oct 16 1998
2543,Comedy,66627,Jun 30 2006
2544,Comedy,25415,Nov 13 2009
2545,Comedy,9058,Sep 03 2004
2546,Action,15340,Mar 20 1998
2547,Comedy,24504,Nov 06 2009
2548,Comedy,24596,Oct 24 2008
2549,Biography,1230,Nov 11 2005
2550,Comedy,,Jul 12 2002
2551,Comedy,22257,Jul 09 2010
2552,Action,2580,Jan 24 1997
2553,Drama,51704,Dec 27 2006
2554,Drama,9547,Apr 02 2004
2555,Family,7278,Jun 17 2005
2556,Animation,77939,Dec 15 2006
2557,Comedy,17454,Oct 08 2004
2558,Drama,96186,May 25 2001
2559,Action,,Mar 16 2007
2560,Comedy,24569,Dec 18 1998
2561,Comedy,,Dec 16 2005
2562,Comedy,4263,Apr 11 2008
2563,Crime,18622,Sep 16 2005
2564,Biography,68737,Mar 29 2002
2565,Comedy,397,Jun 19 2009
2566,Drama,,May 28 2010
2567,Action,207322,Oct 20 2006
2568,Action,,Oct 24 2003
2569,Comedy,24045,Dec 25 1997
2570,Adventure,3085,Aug 04 2000
2571,Action,19769,Dec 04 1998
2572,Comedy,78302,Jun 28 2000
2573,Action,71323,Jul 01 2009
2574,Action,3234,Jul 03 2002
2575,Comedy,846,Aug 11 2006
2576,Adventure,49786,Oct 11 2002
2577,Comedy,20865,Dec 05 2008
2578,Adventure,26623,Feb 06 2009
2579,Adventure,16160,Apr 23 1999
2580,Action,26331,Dec 20 2006
2581,Drama,36762,Oct 20 2000
2582,Drama,20268,Feb 22 2002
2583,Comedy,14285,Nov 22 2002
2584,Adventure,1591,Oct 25 2002
2585,Action,21939,Oct 10 2008
2586,Comedy,34785,Sep 30 2006
2587,Comedy,3053,May 15 1998
2588,Comedy,7689,Aug 25 2006
2589,Comedy,2577,Aug 02 2006
2590,Action,13241,Nov 29 2002
2591,Comedy,12070,Oct 24 2003
2592,Comedy,20514,Nov 21 1997
2593,Comedy,82600,Jan 25 2008
2594,Action,11100,Oct 08 1999
2595,Crime,,Nov 17 2000
2596,Comedy,1847,Jun 13 2003
2597,Crime,131929,Jun 29 2007
2598,Family,,Oct 29 2004
2599,Adventure,20137,Jan 06 2006
2600,Crime,13827,Feb 08 2002
2601,Horror,34501,May 14 2010
2602,Comedy,27361,Mar 11 2005
2603,Biography,2393,Oct 27 2000
2604,Comedy,28497,Jul 30 1999
2605,Comedy,5086,Jan 14 2005
2606,Comedy,63717,Dec 20 2006
2607,Drama,8876,Mar 31 2000
2608,Comedy,2193,Jul 09 2004
2609,Comedy,66386,Oct 04 2002
2610,Comedy,46984,Dec 10 2008
2611,Comedy,19881,Apr 05 2007
2612,Action,4485,Jul 01 2005
2613,Comedy,2176,Feb 16 2001
2614,Crime,5759,Nov 16 2007
2615,Comedy,42489,Aug 19 2005
2616,Action,39234,Mar 23 2007
2617,Animation,10249,Jan 10 1997
2618,Horror,23094,Oct 01 2008
2619,Action,16319,Mar 12 2010
2620,Comedy,16319,Sep 03 2004
2621,Comedy,22605,Nov 23 2005
2622,Biography,21542,Aug 11 2000
2623,Drama,13905,Feb 06 1998
2624,Biography,52753,Sep 10 2004
2625,Comedy,49502,Sep 21 2007
2626,Drama,,Sep 10 2010
2627,Drama,68342,Mar 15 2002
2628,Adventure,9565,Apr 07 2000
2629,Comedy,45887,Dec 26 2008
2630,Comedy,42470,Feb 22 2008
2631,Comedy,38414,Feb 19 2002
2632,Comedy,16822,Feb 25 2000
2633,Comedy,20451,Oct 03 2008
2634,Crime,4857,Nov 20 1998
2635,Comedy,11895,Oct 19 2001
2636,Biography,1873,Nov 24 1999
2637,Adventure,28408,Mar 18 2005
2638,Comedy,2052,Jun 24 2005
2639,Comedy,10320,Jun 30 2000
2640,Drama,5632,Feb 14 2003
2641,Action,4396,Oct 18 2002
2642,Drama,,May 02 2008
2643,Biography,5362,Sep 07 2007
2644,Crime,15684,Feb 23 2007
2645,Comedy,45439,Sep 11 1998
2646,Crime,23223,Oct 19 2007
2647,Biography,11859,Aug 20 2008
2648,Adventure,15806,Sep 07 2001
2649,Crime,8453,Mar 29 2002
2650,Adventure,3167,Sep 23 2005
2651,Crime,25309,Mar 22 2000
2652,Action,57484,Sep 25 1998
2653,Action,5223,Mar 25 2005
2654,Drama,20989,Nov 10 2000
2655,Animation,185226,Oct 06 2000
2656,Action,40087,Aug 17 2001
2657,Action,37764,Jul 04 2007
2658,Action,3211,Apr 25 2003
2659,Comedy,300,Jan 28 2011
2660,Mystery,49844,Sep 29 2000
2661,Drama,34641,Sep 12 2008
2662,Drama,44702,May 19 2000
2663,Drama,23752,Apr 04 2008
2664,Comedy,18462,Apr 07 2000
2665,Drama,30855,Sep 26 2003
2666,Action,39447,Feb 24 2006
2667,Biography,12926,Oct 20 2006
2668,Action,52049,Aug 03 2001
2669,Comedy,39312,Aug 10 2007
2670,Action,55248,Sep 18 1998
2671,Action,53192,Dec 11 1998
2672,Action,,Apr 28 2006
2673,Action,15804,Mar 19 1999
2674,Comedy,8634,Oct 08 2004
2675,Comedy,92106,Dec 22 2004
2676,Action,30739,Apr 08 2005
2677,Comedy,27413,Apr 04 1997
2678,Crime,308,May 11 2007
2679,Comedy,36448,Dec 28 2001
2680,Comedy,16415,Apr 26 2002
2681,Comedy,13796,May 27 2010
2682,Action,22784,May 28 2004
2683,Comedy,18748,Feb 09 2001
2684,Animation,112785,Oct 29 2004
2685,Animation,76530,Oct 28 2005
2686,Biography,60784,Oct 27 2006
2687,Action,44730,Oct 26 2007
2688,Comedy,31219,Oct 24 2008
2689,Comedy,18091,Oct 23 2009
2690,Animation,7736,Mar 23 2001
2691,Comedy,431,Jun 23 2006
2692,Comedy,5619,Jun 10 2005
2693,Adventure,31033,Jul 25 2003
2694,Comedy,41928,Jul 07 2006
2695,Crime,43941,Jul 04 2001
2696,Comedy,42829,Oct 24 2003
2697,Action,39542,Apr 14 2006
2698,Action,10749,Mar 26 2004
2699,Drama,26018,Jun 14 2002
2700,Action,53760,Dec 13 2002
2701,Action,63188,Oct 03 2003
2702,Action,15536,Sep 29 2006
2703,Fantasy,30336,Jul 28 2006
2704,Drama,42616,Jul 13 2001
2705,Adventure,217,Dec 20 1996
2706,Drama,48196,Dec 12 1997
2707,Drama,38230,Feb 04 2000
2708,Comedy,30359,Apr 19 2002
2709,Action,,May 28 2010
2710,Crime,87883,Aug 10 2007
2711,Drama,466,Dec 17 2004
2712,Action,7996,Mar 21 1997
2713,Adventure,23567,Apr 21 2006
2714,Adventure,1823,Aug 24 2007
2715,Crime,17830,Jan 30 2004
2716,Action,7973,Aug 23 2002
2717,Crime,14685,Aug 10 2001
2718,Comedy,29020,Oct 10 1997
2719,Action,46837,May 30 2008
2720,Horror,57952,Jun 08 2001
2721,Comedy,36303,Dec 12 2003
2722,Action,566,Sep 17 1999
2723,Comedy,950,Apr 09 2004
2724,Drama,18221,Dec 29 2000
2725,Comedy,32881,Jun 16 2000
2726,Adventure,6116,Mar 10 2006
2727,Action,68541,Jul 07 2000
2728,Comedy,134693,Sep 24 2004
2729,Comedy,14276,Oct 04 2006
2730,Comedy,28498,Jan 29 1999
2731,Drama,26513,Mar 17 2006
2732,Action,6372,Sep 08 2006
2733,Crime,35878,Nov 09 2001
2734,Comedy,65485,Apr 21 2006
2735,Comedy,105706,Feb 19 2010
2736,Action,77911,Dec 11 1998
2737,Action,2974,Sep 07 2007
2738,Comedy,91555,Dec 25 2009
2739,Comedy,17449,Mar 12 2010
2740,Adventure,149,Mar 23 2007
2741,Horror,163855,May 18 2001
2742,Action,95658,May 19 2004
2743,Comedy,59778,May 18 2007
2744,Comedy,12193,May 21 2010
2745,Crime,40019,Oct 01 2004
2746,Action,14575,Oct 31 2003
2747,Horror,6899,Sep 13 2002
2748,Drama,22128,Mar 15 2002
2749,Comedy,40886,Jun 22 2007
2750,Biography,,Nov 06 1998
2751,Fantasy,111561,Aug 02 2002
2752,Drama,11371,Sep 11 1998
2753,Comedy,1545,Jul 11 1997
2754,Comedy,117656,Jul 27 2007
2755,Animation,7895,Jul 02 2003
2756,Biography,255814,Apr 01 2005
2757,Action,4441,Oct 24 2003
2758,Horror,238745,Aug 06 1999
2759,Drama,33805,May 07 2004
2760,Action,29810,Aug 12 2005
2761,Adventure,14903,Mar 31 2000
2762,Adventure,20923,Jul 29 2005
2763,Crime,7934,Feb 01 2002
2764,Comedy,,Apr 07 2000
2765,Comedy,,Oct 23 1998
2766,Drama,107511,Nov 19 1999
2767,Action,91145,Apr 07 2006
2768,Drama,7077,Oct 17 2008
2769,Comedy,74862,Feb 09 2001
2770,Horror,20172,Nov 14 2007
2771,Comedy,2318,Apr 13 2007
2772,Drama,4774,Jul 09 2004
2773,Drama,1913,Jun 10 2005
2774,Action,26101,Mar 31 2006
2775,Adventure,176325,Nov 12 2008
2776,Drama,5821,Aug 14 1998
2777,Adventure,20571,Jul 10 1998
2778,Crime,189,Jun 10 2005
2779,Comedy,57313,Jan 26 2007
2780,Comedy,10073,Mar 30 2001
2781,Adventure,22379,Mar 29 2002
2782,Crime,6927,Feb 05 1999
2783,Drama,6848,Aug 24 2001
2784,Drama,96443,Jul 15 1998
2785,Comedy,29321,Aug 07 1998
2786,Drama,65841,Aug 18 2006
2787,Drama,51614,Dec 17 2004
2788,Adventure,29777,Dec 19 2003
2789,Comedy,9915,Sep 02 2005
2790,Comedy,10035,May 19 2006
2791,Action,17338,Dec 25 2001
2792,Biography,24893,Feb 07 2003
2793,Drama,32446,May 26 2000
2794,Drama,7561,Jan 18 2002
2795,Comedy,8444,Dec 24 1999
2796,Comedy,74535,Jul 20 2007
2797,Adventure,173919,Dec 08 2000
2798,Crime,4611,Feb 11 2000
2799,Drama,7392,Mar 22 2002
2800,Adventure,33151,Nov 27 2002
2801,Comedy,1936,May 21 2010
2802,Comedy,14257,Apr 24 2009
2803,Comedy,1997,Jun 15 2001
2804,Comedy,1941,Dec 27 2002
2805,Comedy,1640,Apr 25 2008
2806,Horror,9108,Jul 14 2010
2807,Comedy,2636,Sep 26 1997
2808,Comedy,9143,May 28 2004
2809,Comedy,,Jun 30 1999
2810,Action,29293,Nov 15 1996
2811,Drama,30660,Dec 17 2004
2812,Crime,21366,Jul 31 1997
2813,Animation,134212,Aug 17 2007
2814,Drama,,Nov 19 2004
2815,Comedy,4324,Jul 18 2008
2816,Crime,29983,Aug 04 2000
2817,Drama,560,Feb 28 2003
2818,Drama,32672,May 09 2008
2819,Drama,18715,Feb 14 2008
2820,Drama,1205,Aug 31 2001
2821,Crime,30896,Jun 13 1997
2822,Action,31461,Feb 13 1998
2823,Comedy,18010,Jan 23 1998
2824,Comedy,141940,Jun 30 2004
2825,Comedy,141513,May 04 2007
2826,Comedy,167524,May 03 2002
2827,Drama,17461,Aug 13 2010
2828,Comedy,3673,Mar 02 2001
2829,Biography,102751,Jun 28 2006
2830,Drama,127,Jan 14 2000
2831,Adventure,,Sep 20 2002
2832,Crime,16011,Mar 14 2003
2833,Drama,44850,Nov 21 2001
2834,Drama,,Aug 07 2002
2835,Adventure,12352,Jul 25 2003
2836,Comedy,23479,Mar 30 2001
2837,Comedy,1303,Apr 09 2010
2838,Comedy,23521,Oct 05 2005
2839,Action,32014,Oct 05 2001
2840,Adventure,3492,Aug 05 2005
2841,Drama,,Apr 02 2004
2842,Action,103,Oct 08 1999
2843,Drama,5116,Sep 07 2001
2844,Animation,8622,May 24 2002
2845,Action,,May 16 2002
2846,Drama,,May 19 2005
2847,Horror,83516,Nov 07 1997
2848,Crime,22274,Oct 03 2003
2849,Action,13658,Mar 24 2006
2850,Crime,15636,May 19 2000
2851,Action,4409,Aug 15 1997
2852,Comedy,3080,Aug 14 1998
2853,Drama,26712,Jun 11 2004
2854,Action,18505,Dec 25 1998
2855,Comedy,13737,Jan 12 2007
2856,Adventure,74218,Nov 10 2006
2857,Drama,,Jun 20 2003
2858,Comedy,9556,Apr 28 2006
2859,Action,29411,Sep 10 1999
2860,Crime,26752,Sep 10 1999
2861,Drama,40291,Apr 11 2008
2862,Crime,23226,Dec 17 1999
2863,Comedy,7534,Jul 19 2002
2864,Drama,21664,Jul 29 2005
2865,Action,,Mar 18 2005
2866,Drama,2735,Dec 12 2003
2867,Comedy,1733,Mar 22 2002
2868,Drama,9268,Mar 28 2008
2869,Crime,55716,Jun 30 2000
2870,Drama,10720,Oct 15 1999
2871,Comedy,6263,Oct 16 2009
2872,Comedy,34067,Apr 17 2009
2873,Comedy,6557,Aug 06 2008
2874,Horror,,Jun 01 2005
2875,Comedy,21691,Aug 11 2006
2876,Animation,36265,Oct 15 1999
2877,Comedy,45106,Nov 22 1996
2878,Action,26559,Dec 11 1998
2879,Comedy,28449,Dec 13 2002
2880,Action,,Oct 13 2006
2881,Comedy,35078,May 30 2008
2882,Action,29514,Feb 15 2002
2883,Comedy,4941,Jun 28 2006
2884,Comedy,,May 19 1999
2885,Comedy,23196,Dec 12 2003
2886,Fantasy,20345,Feb 14 2008
2887,Crime,38586,May 31 2002
2888,Comedy,2769,Jun 21 2002
2889,Drama,2514,Aug 17 2005
2890,Drama,20974,Jun 08 2007
2891,Adventure,36940,Sep 25 2009
2892,Action,18431,Jul 02 1999
2893,Comedy,3838,May 28 2008
2894,Action,270540,Jul 24 1998
2895,Animation,43260,Aug 08 2003
2896,Action,69778,Oct 22 2004
2897,Action,2192,Oct 15 2004
2898,Comedy,53868,Mar 12 2004
2899,Comedy,7665,Oct 11 2002
2900,Adventure,19992,Jul 04 2003
2901,Action,,Nov 21 2001
2902,Action,9577,Sep 06 2002
2903,Comedy,20891,Feb 16 2001
2904,Action,9309,Sep 21 2007
2905,Crime,5141,Oct 31 1997
2906,Drama,17513,Aug 15 2008
2907,Crime,23378,Apr 12 2002
2908,Comedy,48,Jun 12 1998
2909,Comedy,26920,Oct 17 2008
2910,Action,20916,Jun 13 2001
2911,Action,19341,May 05 2006
2912,Mystery,,Oct 24 2008
2913,Action,53265,Nov 23 2005
2914,Animation,9804,Aug 27 2004
2915,Adventure,3800,Jul 19 2002
2916,Comedy,,Mar 30 2001
2917,Action,1125,Jan 30 2009
2918,Drama,10015,Apr 01 2006
2919,Action,50407,Aug 04 2006
2920,Action,63319,Dec 25 1999
2921,Crime,3847,Oct 06 2004
2922,Comedy,520,Sep 17 1999
2923,Comedy,5397,Jul 30 2004
2924,Biography,2019,Oct 22 1999
2925,Comedy,16122,Oct 27 2000
2926,Comedy,13025,Aug 26 2005
2927,Comedy,3351,Nov 21 2007
2928,Comedy,27375,Mar 28 2003
2929,Crime,37692,Aug 06 1999
2930,Adventure,7560,Oct 09 2009
2931,Comedy,7460,Dec 19 2008
2932,Comedy,58763,Oct 15 2004
2933,Biography,5435,May 14 1999
2934,Comedy,34304,Mar 07 2003
2935,Action,1610,Jan 28 2000
2936,Comedy,36678,Dec 14 2001
2937,Drama,18,Jan 18 2008
2938,Biography,34482,Feb 16 2007
2939,Drama,107667,Jul 01 2003
2940,Comedy,,May 21 2009
2941,Adventure,197131,Jul 03 2007
2942,Biography,95786,Jun 24 2009
2943,Drama,,Aug 14 2009
2944,Comedy,7876,Sep 30 2005
2945,Action,22875,Feb 19 2010
2946,Action,5548,Apr 23 2010
2947,Drama,229,Feb 11 2000
2948,Comedy,418,Nov 06 2009
2949,Comedy,1104,Dec 20 2002
2950,Comedy,14164,May 25 2007
2951,Comedy,6550,Nov 27 2002
2952,Action,17304,Feb 01 2008
2953,Biography,15760,Oct 14 2005
2954,Action,60966,Dec 23 1998
2955,Action,23578,Dec 25 2000
2956,Horror,14927,Jul 07 2000
2957,Comedy,9356,Sep 09 2005
2958,Comedy,22795,Oct 29 1999
2959,Crime,24416,Nov 02 2001
2960,Crime,26783,Mar 09 2007
2961,Drama,2825,Jan 05 2007
2962,Action,11148,Oct 22 1999
2963,Comedy,19939,May 28 1999
2964,Comedy,36151,Aug 27 1999
2965,Comedy,19370,Sep 27 2002
2966,Drama,2986,Feb 11 2000
2967,Drama,19318,Nov 26 2003
2968,Action,,Dec 23 2011
2969,Drama,31482,Aug 20 2003
2970,Crime,22286,Jun 16 2000
2971,Comedy,240732,Dec 19 1997
2972,Adventure,3093,Jul 09 2010
2973,Comedy,50710,Jul 11 2003
2974,Drama,32465,Mar 08 2002
2975,Comedy,9505,Mar 30 2001
2976,Comedy,76830,Nov 21 2007
2977,Drama,26178,Mar 23 2007
2978,Comedy,46650,Dec 19 1997
2979,Comedy,82349,Dec 14 2001
2980,Action,32832,Jul 25 2003
2981,Horror,55582,Jun 15 2001
2982,Adventure,92241,May 28 2004
2983,Comedy,6215,Dec 17 1999
2984,Comedy,12986,Jan 16 2004
2985,Crime,86091,Aug 10 2001
2986,Comedy,493,Sep 17 2010
2987,Crime,119357,Nov 19 1999
2988,Drama,67380,Jun 18 2010
2989,Comedy,33452,Jun 12 2009
2990,Drama,12099,Nov 27 2002
2991,Comedy,85759,Dec 27 2000
2992,Biography,1613,Jul 26 2000
2993,Comedy,82057,Oct 05 2001
2994,Drama,22468,Aug 27 2008
2995,Comedy,10685,Sep 20 2002
2996,Action,589,Oct 18 2002
2997,Comedy,673,May 12 1999
2998,Comedy,134187,May 08 2009
2999,Comedy,79803,Jun 18 2004
3000,Comedy,19343,Dec 02 2005
3001,Comedy,51005,Sep 02 2005
3002,Drama,51005,Oct 11 2002
3003,Adventure,39124,Nov 25 2009
3004,Drama,104839,Aug 13 2008
3005,Crime,129575,May 14 2004
3006,Comedy,52636,Aug 09 2002
3007,Comedy,1051,Apr 27 2007
3008,Drama,156346,Jun 05 1998
3009,Adventure,5262,Aug 18 2006
3010,Comedy,8951,Oct 14 2005
3011,Drama,26871,Jun 16 1999
3012,Drama,,Apr 16 2010
3013,Biography,13167,Feb 24 2006
3014,Crime,,Jan 16 2004
3015,Animation,23908,Aug 14 2009
3016,Comedy,1031,Mar 31 2004
3017,Comedy,6639,Oct 11 2002
3018,Comedy,12109,Sep 16 2005
3019,Comedy,5147,Jan 10 1997
3020,Comedy,83,Dec 01 2006
3021,Adventure,3095,Nov 14 2001
3022,Crime,3722,Apr 24 1998
3023,Comedy,8498,Apr 14 2006
3024,Comedy,4840,Mar 06 1998
3025,Comedy,83,Feb 27 2004
3026,Comedy,,Nov 20 2009
3027,Adventure,,Jun 30 2010
3028,Drama,4840,Nov 21 2008
3029,Comedy,2889,Apr 27 2001
3030,Drama,8645,Feb 26 1999
3031,Biography,20196,Oct 06 2006
3032,Biography,39172,Oct 17 2003
3033,Crime,2645,Nov 30 2001
3034,Comedy,13929,Sep 08 2006
3035,Action,65340,Mar 17 2006
3036,Biography,2090,Jan 23 2008
3037,Drama,32528,Apr 21 2000
3038,Action,14237,May 31 2002
3039,Comedy,3249,Sep 02 2005
3040,Drama,65329,Jun 18 2004
3041,Comedy,27888,Jul 24 2009
3042,Comedy,28547,Mar 03 2006
3043,Comedy,4133,Dec 08 2006
3044,Drama,97324,Nov 22 2000
3045,Drama,15331,Jan 09 2009
3046,Drama,6957,Jul 01 2005
3047,Action,65690,Sep 19 2003
3048,Adventure,1981,Aug 26 2005
3049,Drama,6837,Aug 23 2002
3050,Drama,48551,Jan 20 2006
3051,Action,11770,Sep 09 2005
3052,Drama,23998,May 08 2002
3053,Action,10233,Aug 20 1999
3054,Crime,11986,Nov 03 2006
3055,Crime,36119,May 13 2005
3056,Comedy,21922,Jan 25 2008
3057,Drama,110491,May 29 2009
3058,Action,,Dec 04 2009
3059,Action,12317,Mar 11 2005
3060,Action,19113,Sep 25 1998
3061,Action,7609,Sep 22 2000
3062,Horror,2218,Sep 15 2000
3063,Animation,54343,Dec 25 2008
3064,Action,7158,Aug 19 2005
3065,Action,11435,Feb 02 2001
3066,Animation,9539,Oct 23 2009
3067,Horror,21995,Nov 03 2000
3068,Action,3719,Mar 28 2003
3069,Comedy,27529,Sep 14 2007
3070,Drama,4220,Sep 16 2005
3071,Crime,,Dec 21 2006
3072,Horror,9343,Sep 01 2004
3073,Action,224636,Mar 17 2006
3074,Drama,,Jul 16 1999
3075,Comedy,68846,May 07 2004
3076,Biography,88928,Jul 30 2004
3077,Action,49110,Apr 21 2000
3078,Animation,10487,Jan 15 1999
3079,Comedy,318,Apr 11 2008
3080,Crime,,Nov 26 2004
3081,Comedy,24294,Dec 08 2000
3082,Animation,54,Oct 30 1998
3083,Action,87820,Dec 14 2001
3084,Comedy,21313,Apr 25 1997
3085,Action,288,Nov 03 2006
3086,Action,7936,Nov 24 2006
3087,Action,5491,Apr 28 2000
3088,Action,18066,Jan 15 1999
3089,Mystery,17599,Feb 12 2010
3090,Comedy,,Apr 05 2002
3091,Action,13257,Jul 03 2008
3092,Comedy,36092,Dec 25 1997
3093,Adventure,1889,May 12 2006
3094,Crime,,Oct 07 2005
3095,Comedy,,Nov 20 1998
3096,Comedy,182257,Jun 27 2008
3097,Biography,28771,Aug 24 2007
3098,Comedy,,May 23 2008
3099,Crime,,Nov 20 2009
3100,Action,12074,Jun 29 2005
3101,Crime,132250,Mar 06 2009
3102,Action,,Apr 28 2006
3103,Action,20384,May 02 2007
3104,Crime,3535,May 18 2007
3105,Comedy,1704,Jun 11 2010
3106,Action,31572,Feb 23 2000
3107,Biography,,Dec 25 2008
3108,Action,25970,Jun 23 2004
3109,Horror,22594,Dec 25 2005
3110,Comedy,18717,Jan 26 2001
3111,Action,11966,Oct 03 2003
3112,Action,8778,Aug 26 2009
3113,Comedy,,Mar 02 2001
3114,Biography,,Jul 15 2005
3115,Drama,12205,Feb 04 2005
3116,Adventure,2152,Nov 24 1999
3117,Action,38163,Oct 12 2007
3118,Action,42580,Mar 01 2002
3119,Comedy,19687,Dec 07 2005
3120,Drama,915,Jun 25 2010
3121,Comedy,12561,Apr 04 2003
3122,Drama,21814,Jun 06 2003
3123,Drama,28032,Dec 21 2007
3124,Action,13302,Apr 28 2000
3125,Action,2973,Sep 01 2000
3126,Comedy,14068,Oct 02 2009
3127,Comedy,5700,Feb 08 2008
3128,Drama,16505,Feb 03 2006
3129,Comedy,30486,Oct 02 1998
3130,Drama,2855,Dec 21 2005
3131,Action,18987,Sep 03 2004
3132,Horror,30669,Oct 16 2009
3133,Comedy,40110,Mar 20 1998
3134,Adventure,21996,Sep 17 2004
3135,Comedy,26421,Jun 14 2002
3136,Drama,3720,Feb 18 2005
3137,Action,9460,Mar 12 1999
3138,Fantasy,3369,Sep 11 1998
3139,Comedy,12537,Oct 17 2008
3140,Comedy,45633,Jul 21 2000
3141,Biography,85235,Nov 18 2005
3142,Drama,38045,Jan 25 2002
3143,Comedy,7702,Mar 14 2003
3144,Action,54183,Jun 30 1999
3145,Drama,5647,Jan 08 2008
3146,Comedy,,Jan 07 2005
3147,Crime,1089,Jun 27 2008
3148,Action,4743,Sep 22 2000
3149,Action,6099,Feb 12 2010
3150,Action,79499,May 01 2009
3151,Drama,5519,Sep 12 2008
3152,Biography,982,May 08 1998
3153,Crime,3224,Jul 16 1999
3154,Drama,17207,Aug 20 2004
3155,Action,6727,Jun 01 2001
3156,Comedy,4360,Feb 17 2006
3157,Comedy,5304,Mar 03 2000
3158,Comedy,2222,Jun 16 2006
3159,Comedy,93301,Dec 17 2008
3160,Action,20517,Apr 02 2004
3161,Action,34341,Aug 09 2006
3162,Comedy,959,Sep 08 2000
3163,Action,35394,Oct 28 2005
3164,Crime,40281,Sep 17 2004
3165,Drama,10044,Sep 11 2009
3166,Drama,43251,Nov 06 1998
3167,Drama,119,May 30 2003
3168,Comedy,54525,Dec 15 2000
3169,Crime,17513,Sep 08 2000
3170,Action,35433,Jul 25 2008
3171,Comedy,,Jun 19 1998
3172,Comedy,3770,Jan 22 2010
3173,Comedy,120706,Jul 14 2000
3174,Comedy,112320,May 02 2003
3175,Crime,109125,May 26 2006
3176,Drama,260,Mar 12 2010
3177,Drama,42427,Aug 13 2010
3178,Biography,19527,Apr 29 2005
3179,Comedy,8784,Oct 20 2000
3180,Comedy,,Jun 07 2002
3181,Crime,14261,Nov 10 2000
3182,Crime,23091,Jun 19 2009
3183,Comedy,,Jun 24 2005
3184,Drama,62150,Dec 19 2008
3185,Fantasy,9498,Jun 22 2007
3186,Action,259,Nov 23 2005
3187,Drama,52587,Dec 18 1998
3188,Comedy,14670,Jan 08 2010
3189,Drama,,Mar 15 2002
3190,Action,,Aug 13 2004
3191,Comedy,98,Apr 11 2003
3192,Drama,8408,Dec 18 2009
3193,Drama,,Nov 11 2005
3194,Comedy,8489,Jan 30 1998
3195,Action,69296,Sep 28 2001
3196,Action,81629,Oct 02 2009
3197,Drama,55687,Oct 31 2008
3198,Drama,,Mar 02 2007
3199,Biography,7424,Aug 11 2006
3200,Animation,21161,Oct 28 2005
3201,Action,4789,Jul 17 1998